customerid,subscription_start_date,subscription_type,renewal_date,plan_type,contract_type,cancellation_date,cancellation_reason,monthly_charges,cltv,churn_score,churn_flag,customer_name,country,state,gender,dob,complaint_date,escalations,csat_score,complaint_count
0002-ORFBO,2021-03-15,Refferal,2025-03-15,Standard,Annual,,,13.99,627,12,0,keshav,India,Maharashtra,Male,1982-04-12 00:00:00,,,,
0003-MKNFE,2020-08-01,Paid,2024-08-01,Premium,Annual,2024-09-10,Switched to competitor,12.99,1150,91,1,raghav,India,Karnataka,Male,1995-11-23 00:00:00,2024-08-28 00:00:00,Y,10.0,2.0
0004-TLHLJ,2022-11-20,Organic,2025-11-20,Basic,Monthly,,,6.99,210,34,0,lalita,India,Delhi,Female,1978-02-15 00:00:00,,,,
0011-IGKFF,2019-05-10,Paid,2025-05-10,Premium,Annual,,,22.99,1725,8,0,mohan,India,Nagaland,Male,2001-08-30 00:00:00,,,,
0013-EXCHZ,2023-01-05,Refferal,2024-01-05,Standard,Monthly,2024-02-28,Too expensive,13.99,195,88,1,mira,India,Delhi,Female,1990-05-05 00:00:00,2024-01-20 00:00:00,Y,20.0,1.0
0013-MHZWF,2022-06-18,Paid,2025-06-18,Standard,Annual,,,17.99,720,22,0,durga,,Delhi,Women,1988-12-10 00:00:00,2025-03-18 00:00:00,N,90.0,1.0
0013-SMEOE,2021-09-30,Refferal,2024-09-30,Basic,Monthly,2024-11-15,Not enough content,8.99,230,79,1,mina,India,Meghalaya,Female,1976-09-21 00:00:00,2024-11-01 00:00:00,N,30.0,1.0
0014-BMAQU,2020-02-14,Organic,2025-02-14,Premium,Annual,,,22.99,1840,5,0,madan,India,Rajasthan,Male,1999-03-14 00:00:00,,,,
0015-UOCOJ,2023-07-22,Organic,2024-07-22,Standard,Monthly,,,13.99,240,34,0,maya,,Kathmandu,Women,1985-07-07 00:00:00,,,,
0016-QLJIS,2022-04-03,Organic,2025-04-03,Basic,Annual,,,6.99,335,41,0,arjun,Nepal,Kathmandu,Male,1993-10-29 00:00:00,,,,
0017-DINOC,2021-12-01,Organic,2025-12-01,Premium,Annual,,,22.99,1610,14,0,shiva,India,Maharashtra,Men,1997-01-22 00:00:00,,,,
0017-IUDMW,2023-03-17,Refferal,2024-03-17,Standard,Monthly,2024-05-01,Poor streaming quality,7.99,270,83,1,rangadevi,India,Karnataka,Female,1981-06-18 00:00:00,2024-04-10 00:00:00,Y,25.0,1.0
0018-NYROU,2020-10-09,Organic,2025-10-09,Standard,Annual,,,13.99,980,19,0,chitra,,Telangana,Female,2004-12-01 00:00:00,,,,
0019-EFAEP,2022-08-25,Refferal,2024-08-25,Basic,Monthly,2024-10-31,Switched to competitor,12.99,160,76,1,raju,India,Meghalaya,Female,1992-04-25 00:00:00,2024-09-27 00:00:00,Y,30.0,1.0
0019-GFNTW,2019-11-11,Paid,2025-11-11,Premium,Annual,,,92.99,2185,3,0,Madhav,India,Uttar Pradesh,Men,1979-11-11 00:00:00,,,,
0020-INWCK,2023-05-06,Organic,2025-05-06,Standard,Monthly,,,13.99,640,58,0,parvati,India,Delhi,Female,1986-02-28 00:00:00,,,,
0020-JDNXP,2022-01-19,Organic,2024-01-19,Premium,Annual,,,20.99,550,62,0,rikim,India,Meghalaya,Female,1994-08-19 00:00:00,,,,
0021-IKXGC,2021-07-07,Paid,2025-07-07,Standard,Annual,,,13.99,840,27,0,vishakha,India,Rajasthan,Female,2000-09-02 00:00:00,,,,
0022-TCJCI,2023-09-14,Refferal,2024-09-14,Basic,Monthly,2024-09-14,Forgot to cancel trial,16.99,42,99,1,raghvendra,India,Telangana,Male,1983-12-30 00:00:00,2024-09-14 00:00:00,N,90.0,2.0
0023-HGHWL,2020-06-23,Organic,2025-06-23,Premium,Annual,,,22.99,1955,7,0,rishabh,India,Uttar Pradesh,Men,1991-05-14 00:00:00,,,,
0023-UYUPN,2022-12-31,Paid,2025-12-31,Standard,Monthly,,,13.99,790,47,0,sudevi,India,Maharashtra,Women,1977-10-06 00:00:00,,,,
0022-QAHFT,2022-05-17,Organic,2022-06-16,Premium,Monthly,,,30.39,1651,20,0,sanjay,India,Maharashtra,Male,1969-03-16,,,,
0023-AUSIE,2022-05-21,Paid,2022-06-20,Premium,Monthly,2022-12-07,Forgot to cancel trial,27.34,1975,79,1,diya,India,Nagaland,Female,1981-02-07,2022-06-06 00:00:00,N,28.0,1.0
0024-WWJLV,2022-08-20,Organic,2022-09-19,Premium,Monthly,,,31.66,1977,62,0,rohan,India,Gujarat,Male,1996-06-25,,,,
0025-ORVUF,2022-03-07,Refferal,2023-03-07,Basic,Annual,,,10.92,352,44,0,rudra,India,Delhi,Male,1974-06-19,,,,
0026-GGOGP,2023-10-30,Organic,2023-11-29,Premium,Monthly,2024-07-10,Forgot to cancel trial,22.55,2421,82,1,sunita,India,Meghalaya,Female,1987-11-10,2024-05-14 00:00:00,Y,31.0,3.0
0027-YWGNE,2023-04-11,Organic,2023-05-11,Premium,Monthly,2023-06-05,Switched to competitor,93.94,1829,77,1,kartik,India,Odisha,Male,1992-04-26,,,,
0028-ZNDRY,2023-03-27,Refferal,2023-04-26,Premium,Monthly,,,24.98,2530,60,0,kabir,India,Haryana,Male,1974-07-03,,,,
0029-DFIPF,2023-10-27,Paid,2023-11-26,Premium,Monthly,,,23.8,1638,49,0,aarav,India,Karnataka,Male,1975-04-09,,,,
0030-OMUUE,2022-10-11,Refferal,2022-11-10,Basic,Monthly,,,9.41,323,9,0,yash,India,Haryana,Male,1983-06-11,2023-03-02 00:00:00,N,67.0,1.0
0031-HGYLW,2023-10-05,Organic,2023-11-04,Standard,Monthly,,,16.42,718,60,0,vihaan,India,Maharashtra,Male,1969-03-09,2023-12-22 00:00:00,N,86.0,2.0
0032-RMEFB,2021-12-23,Organic,2022-01-22,Premium,Monthly,2022-05-07,Poor streaming quality,21.27,2418,97,1,rudra,India,Madhya Pradesh,Male,1987-07-23,2022-04-14 00:00:00,N,43.0,3.0
0033-GDQLY,2020-06-27,Organic,2021-06-27,Basic,Annual,,,12.27,339,31,0,aarav,India,Nagaland,Male,1968-04-15,,,,
0034-SPZRA,2023-03-01,Refferal,2023-03-31,Standard,Monthly,,,15.4,715,16,0,diya,India,Meghalaya,Female,1976-11-12,,,,
0035-WNGXB,2019-11-27,Refferal,2020-11-26,Premium,Annual,2020-02-26,Forgot to cancel trial,31.28,1429,98,1,khushi,India,West Bengal,Female,1999-08-05,2020-04-29 00:00:00,N,37.0,2.0
0036-FGCUW,2023-12-11,Paid,2024-01-10,Basic,Monthly,,,11.41,320,29,0,ritu,India,Uttar Pradesh,Female,2003-10-14,,,,
0037-WVGUC,2020-04-01,Organic,2020-05-01,Standard,Monthly,,,15.63,571,20,0,deepak,India,Bihar,Male,1980-09-07,,,,
0038-NRVIA,2020-12-08,Refferal,2021-12-08,Standard,Annual,2021-03-30,Not enough content,17.02,1023,98,1,anvi,India,Gujarat,Female,1966-09-19,2021-03-16 00:00:00,N,31.0,2.0
0039-RDXNR,2022-10-19,Refferal,2022-11-18,Premium,Monthly,,,29.1,1200,16,0,meena,India,Meghalaya,Female,1973-08-10,,,,
0040-PRMLF,2020-11-17,Organic,2020-12-17,Premium,Monthly,2021-08-02,Forgot to cancel trial,24.96,1501,77,1,ahana,India,Tamil Nadu,Female,1988-02-15,2021-05-02 00:00:00,N,34.0,2.0
0041-UFUSM,2022-05-04,Paid,2023-05-04,Premium,Annual,,,33.03,2073,38,0,ayan,India,Bihar,Male,1994-12-12,,,,
0042-EWLTV,2020-04-25,Paid,2021-04-25,Standard,Annual,2020-11-22,Too expensive,18.46,582,77,1,preeti,India,Uttar Pradesh,Female,1977-04-27,2020-07-23 00:00:00,N,36.0,2.0
0043-WTJAJ,2021-09-21,Organic,2022-09-21,Standard,Annual,,,17.33,914,56,0,aarti,India,Uttar Pradesh,Female,1986-11-26,,,,
0044-DQAKO,2020-06-16,Paid,2021-06-16,Basic,Annual,,,9.72,322,27,0,sai,India,Meghalaya,Male,2003-11-20,2020-12-29 00:00:00,N,100.0,2.0
0045-FBYBA,2022-03-01,Organic,2023-03-01,Premium,Annual,,,24.09,2440,50,0,advik,India,Meghalaya,Male,1975-09-14,,,,
0046-UEIPY,2019-07-28,Refferal,2020-07-27,Premium,Annual,,,29.6,2359,25,0,meena,India,Telangana,Female,1968-05-30,,,,
0047-RBQAK,2021-07-30,Refferal,2021-08-29,Standard,Monthly,,,14.87,1034,20,0,diya,India,Kerala,Female,1993-07-06,,,,
0048-XUMVP,2020-05-14,Paid,2021-05-14,Standard,Annual,2020-11-26,Not enough content,14.13,832,76,1,saanvi,India,Delhi,Female,1977-07-06,2020-11-19 00:00:00,N,45.0,3.0
0049-RQMUC,2022-02-07,Refferal,2023-02-07,Standard,Annual,,,18.97,1063,47,0,vikram,India,Tamil Nadu,Male,1994-10-14,,,,
0050-HFSIT,2023-04-06,Refferal,2024-04-05,Basic,Annual,2023-09-22,Switched to competitor,11.99,301,75,1,advik,India,Madhya Pradesh,Male,1977-05-28,2023-04-24 00:00:00,N,18.0,1.0
0051-CAHMI,2021-03-31,Paid,2021-04-30,Premium,Monthly,,,30.06,1505,63,0,kabir,India,Madhya Pradesh,Male,1970-02-13,2021-05-05 00:00:00,N,66.0,1.0
0052-UJXHP,2019-07-23,Organic,2019-08-22,Standard,Monthly,2019-09-14,Too expensive,17.29,660,87,1,neha,India,Karnataka,Female,1992-05-07,2020-01-20 00:00:00,N,28.0,2.0
0053-BGGUP,2023-08-20,Organic,2023-09-19,Basic,Monthly,,,7.99,307,55,0,rahul,India,Uttar Pradesh,Male,1994-01-19,,,,
0054-HDRSY,2022-05-21,Paid,2022-06-20,Basic,Monthly,,,8.36,495,39,0,divya,India,Karnataka,Female,2004-11-24,,,,
0055-ATVOT,2021-06-11,Refferal,2022-06-11,Basic,Annual,,,9.81,359,45,0,deepak,India,Bihar,Male,1977-06-24,2021-09-08 00:00:00,N,71.0,1.0
0056-RKTAC,2022-09-08,Refferal,2023-09-08,Standard,Annual,,,14.26,1030,51,0,pooja,India,Punjab,Female,2003-10-19,,,,
0057-LBGDH,2019-01-29,Refferal,2020-01-29,Basic,Annual,,,8.34,580,32,0,myra,India,Uttar Pradesh,Female,1996-11-03,,,,
0058-QEYHS,2020-01-26,Refferal,2020-02-25,Basic,Monthly,,,8.65,554,24,0,shweta,Nepal,Kathmandu,Female,1985-06-28,,,,
0059-NVHHP,2021-02-11,Paid,2022-02-11,Basic,Annual,,,12.87,272,17,0,ira,India,Madhya Pradesh,Female,1980-06-25,,,,
0060-KIMXJ,2020-11-10,Organic,2021-11-10,Basic,Annual,2021-06-22,Too expensive,10.15,383,74,1,sunil,Nepal,Kathmandu,Male,1987-07-14,2021-02-09 00:00:00,N,35.0,2.0
0061-YQXMO,2021-06-07,Organic,2021-07-07,Standard,Monthly,,,14.82,806,5,0,kavir,India,Tamil Nadu,Male,1975-03-17,2021-08-26 00:00:00,N,67.0,1.0
0062-GKREE,2021-08-02,Refferal,2022-08-02,Standard,Annual,,,15.27,509,32,0,ritu,India,Madhya Pradesh,Female,2005-12-12,,,,
0063-RELIP,2023-10-14,Paid,2023-11-13,Basic,Monthly,,,9.28,333,47,0,kavya,India,Tamil Nadu,Female,1973-12-08,2024-03-22 00:00:00,N,93.0,3.0
0064-QQRSR,2019-03-10,Refferal,2020-03-09,Premium,Annual,,,22.09,1869,14,0,kartik,India,Karnataka,Male,1978-11-10,2019-06-16 00:00:00,N,98.0,3.0
0065-MBTFR,2021-07-20,Paid,2022-07-20,Premium,Annual,2022-04-02,Switched to competitor,26.09,1960,77,1,sonal,India,Punjab,Female,1965-08-17,,,,
0066-IPQQM,2019-08-26,Organic,2019-09-25,Premium,Monthly,,,22.16,2573,47,0,aarti,India,Karnataka,Female,1966-09-02,,,,
0067-KTEKC,2021-06-27,Paid,2021-07-27,Standard,Monthly,,,14.49,876,65,0,ritu,India,Gujarat,Female,1966-06-21,,,,
0068-BHZYV,2020-05-13,Organic,2020-06-12,Basic,Monthly,2020-09-24,Not enough content,11.97,433,76,1,yash,India,Maharashtra,Male,1967-04-09,,,,
0069-PHZZO,2022-04-20,Paid,2022-05-20,Basic,Monthly,,,8.58,214,36,0,ayan,India,Maharashtra,Male,1970-11-30,2022-08-24 00:00:00,N,63.0,1.0
0070-PLFPS,2023-10-02,Paid,2024-10-01,Premium,Annual,2024-03-29,Forgot to cancel trial,21.72,2108,72,1,swati,India,Maharashtra,Female,1967-09-24,2023-12-16 00:00:00,N,45.0,1.0
0071-JPHNL,2021-04-27,Paid,2022-04-27,Standard,Annual,,,16.07,597,23,0,harsh,India,Telangana,Male,1984-04-17,,,,
0072-JDXBV,2022-04-16,Refferal,2023-04-16,Premium,Annual,,,21.95,2562,30,0,rahul,India,Kerala,Male,2001-06-01,,,,
0073-SZPJP,2021-01-22,Organic,2022-01-22,Premium,Annual,,,23.61,2348,55,0,ishaan,India,Uttar Pradesh,Male,2003-01-03,,,,
0074-ROPRS,2023-11-17,Organic,2024-11-16,Basic,Annual,,,7.84,474,8,0,atharva,India,Tamil Nadu,Male,1980-03-30,,,,
0075-FKIJS,2022-09-17,Paid,2023-09-17,Premium,Annual,,,27.06,2746,25,0,vihaan,India,Karnataka,Male,1995-03-27,,,,
0076-HRMRB,2023-04-21,Organic,2024-04-20,Standard,Annual,,,15.63,507,30,0,isha,India,Telangana,Female,1978-07-10,2023-10-14 00:00:00,N,44.0,2.0
0077-WBAXW,2024-06-01,Paid,2024-07-01,Premium,Monthly,2024-08-09,Too expensive,27.35,1941,97,1,tanvi,India,Haryana,Female,1977-12-27,2024-09-15 00:00:00,N,31.0,1.0
0078-IENCN,2020-02-09,Organic,2020-03-10,Premium,Monthly,,,21.2,2486,51,0,sneha,India,Meghalaya,Female,1975-08-08,,,,
0079-PRWQZ,2023-06-19,Paid,2023-07-19,Standard,Monthly,,,16.53,817,5,0,pooja,India,Delhi,Female,1986-01-13,2023-11-28 00:00:00,N,64.0,2.0
0080-PYTBX,2021-07-11,Organic,2022-07-11,Premium,Annual,2022-03-07,Forgot to cancel trial,21.34,1280,84,1,rudra,India,Odisha,Male,1971-10-08,2021-12-24 00:00:00,N,14.0,2.0
0081-CRHSR,2019-09-22,Refferal,2019-10-22,Standard,Monthly,,,16.78,1158,55,0,ranveer,India,Meghalaya,Male,1980-09-10,2020-04-03 00:00:00,N,98.0,3.0
0082-YITEZ,2023-09-07,Refferal,2023-10-07,Premium,Monthly,,,25.38,1468,12,0,arjun,India,Nagaland,Male,1987-10-10,2024-02-18 00:00:00,N,50.0,3.0
0083-GGZUX,2023-05-13,Paid,2024-05-12,Basic,Annual,,,11.89,560,58,0,rohan,India,Bihar,Male,1985-09-17,2023-11-16 00:00:00,N,94.0,3.0
0084-LNVCX,2020-04-27,Paid,2020-05-27,Standard,Monthly,,,15.11,826,56,0,sneha,India,Haryana,Female,1967-05-23,,,,
0085-IDAXM,2020-03-17,Organic,2021-03-17,Basic,Annual,,,11.65,271,6,0,parth,India,Maharashtra,Male,2005-08-20,2020-08-28 00:00:00,N,47.0,3.0
0086-LPGKR,2022-02-08,Organic,2023-02-08,Standard,Annual,,,14.21,896,19,0,manish,Nepal,Kathmandu,Male,1988-08-06,,,,
0087-JBGRC,2022-11-25,Paid,2022-12-25,Basic,Monthly,,,7.37,547,5,0,sara,India,West Bengal,Female,2001-06-29,2023-01-20 00:00:00,N,60.0,1.0
0088-NZOGT,2019-09-12,Paid,2020-09-11,Standard,Annual,,,17.71,895,14,0,aarush,India,Karnataka,Male,2003-11-03,,,,
0089-MYNUS,2019-06-13,Paid,2020-06-12,Standard,Annual,2019-12-24,Poor streaming quality,16.22,936,84,1,rahul,India,Rajasthan,Male,1989-06-21,2019-11-22 00:00:00,N,27.0,2.0
0090-NTEAW,2021-02-23,Refferal,2021-03-25,Premium,Monthly,,,22.45,1959,51,0,pari,India,Uttar Pradesh,Female,1999-12-04,2021-07-13 00:00:00,N,60.0,1.0
0091-GCTMK,2020-08-07,Refferal,2021-08-07,Basic,Annual,2021-04-06,Switched to competitor,7.73,586,75,1,kabir,India,Bihar,Male,1974-08-17,,,,
0092-ZRSOH,2019-09-06,Organic,2019-10-06,Basic,Monthly,,,11.73,163,39,0,ahana,India,Rajasthan,Female,2000-08-08,,,,
0093-UOPCI,2020-10-11,Refferal,2020-11-10,Standard,Monthly,,,16.32,1029,59,0,preeti,India,Haryana,Female,2001-12-07,,,,
0094-OPTDN,2020-12-09,Refferal,2021-12-09,Basic,Annual,,,8.49,475,20,0,ayan,India,Tamil Nadu,Male,1972-05-21,2021-05-20 00:00:00,N,72.0,2.0
0095-RSPVO,2021-05-03,Refferal,2021-06-02,Standard,Monthly,,,18.43,1058,64,0,sai,India,Gujarat,Male,1994-03-18,2021-10-30 00:00:00,N,69.0,1.0
0096-REKMI,2020-12-08,Paid,2021-01-07,Standard,Monthly,,,16.56,608,32,0,rudra,India,West Bengal,Male,1997-12-08,2021-03-21 00:00:00,N,66.0,2.0
0097-ZXVYS,2021-10-15,Organic,2021-11-14,Standard,Monthly,2021-11-23,Switched to competitor,16.52,746,81,1,shaurya,India,Odisha,Male,1985-12-10,2022-04-05 00:00:00,N,28.0,3.0
0098-BBOJH,2022-10-25,Refferal,2022-11-24,Basic,Monthly,,,12.84,351,24,0,shalini,India,Gujarat,Female,2002-01-08,,,,
0099-JDPKB,2024-01-04,Refferal,2024-02-03,Standard,Monthly,2024-06-20,Forgot to cancel trial,18.65,826,89,1,krishna,India,Madhya Pradesh,Male,1988-04-18,2024-06-06 00:00:00,N,11.0,3.0
0100-GRZPF,2023-05-06,Paid,2023-06-05,Premium,Monthly,2024-01-01,Not enough content,23.87,2634,70,1,sanjay,India,Odisha,Male,1993-03-20,2023-08-24 00:00:00,N,40.0,1.0
0101-SNOZM,2020-12-26,Refferal,2021-12-26,Premium,Annual,,,27.74,1771,17,0,pooja,Nepal,Pokhara,Female,2005-12-01,,,,
0102-ZUSRM,2021-02-16,Paid,2022-02-16,Basic,Annual,,,8.73,297,8,0,sneha,India,Gujarat,Female,1977-11-29,2021-08-07 00:00:00,Y,70.0,2.0
0103-SDQPG,2019-07-25,Refferal,2019-08-24,Basic,Monthly,,,12.78,230,62,0,kartik,India,Nagaland,Male,1983-07-17,,,,
0104-MQTHH,2023-10-08,Organic,2023-11-07,Standard,Monthly,,,18.4,680,5,0,sai,India,Uttar Pradesh,Male,1989-01-02,,,,
0105-KMYZY,2021-12-09,Paid,2022-01-08,Premium,Monthly,,,27.48,1430,49,0,aarav,India,Nagaland,Male,1980-01-12,,,,
0106-GETUO,2019-06-27,Paid,2019-07-27,Basic,Monthly,,,12.88,394,18,0,atharva,India,Punjab,Male,2002-02-05,2019-09-17 00:00:00,N,76.0,2.0
0107-GJGRM,2021-01-22,Refferal,2021-02-21,Basic,Monthly,2021-08-16,Poor streaming quality,12.73,394,93,1,vikram,India,Tamil Nadu,Male,1995-12-19,,,,
0108-TUVTR,2019-08-18,Organic,2019-09-17,Premium,Monthly,,,28.58,2265,46,0,manish,India,Kerala,Male,1968-07-03,2019-12-26 00:00:00,Y,72.0,3.0
0109-RIAGA,2022-01-13,Organic,2022-02-12,Standard,Monthly,2022-08-31,Not enough content,14.15,918,74,1,sanjay,India,Haryana,Male,1980-06-15,2022-07-04 00:00:00,N,17.0,2.0
0110-ZKDZV,2020-05-21,Paid,2021-05-21,Basic,Annual,,,8.64,598,10,0,dhruv,India,Haryana,Male,1988-11-11,2020-09-17 00:00:00,N,85.0,3.0
0111-GBLOT,2023-02-07,Refferal,2024-02-07,Premium,Annual,2023-05-06,Forgot to cancel trial,29.56,1856,98,1,krishna,India,Tamil Nadu,Male,1975-07-04,2023-07-04 00:00:00,N,32.0,2.0
0112-UIKDJ,2023-07-09,Paid,2023-08-08,Premium,Monthly,2023-12-01,Too expensive,26.59,2285,77,1,saanvi,India,Tamil Nadu,Female,2003-06-20,2023-11-06 00:00:00,N,15.0,1.0
0113-SEGRP,2020-09-12,Organic,2020-10-12,Basic,Monthly,,,12.76,210,51,0,advik,India,Telangana,Male,1986-07-04,,,,
0114-GPFXO,2023-12-13,Paid,2024-12-12,Basic,Annual,,,11.81,519,56,0,anita,India,Kerala,Female,1978-11-02,2024-03-21 00:00:00,N,42.0,1.0
0115-TAOPS,2021-10-19,Refferal,2022-10-19,Standard,Annual,,,17.81,1000,44,0,ira,India,Uttar Pradesh,Female,1982-01-15,,,,
0116-LTJDO,2024-04-19,Refferal,2024-05-19,Basic,Monthly,,,9.46,581,7,0,alok,Nepal,Kathmandu,Male,1988-07-03,,,,
0117-ANJQR,2022-01-02,Paid,2022-02-01,Premium,Monthly,2022-10-12,Too expensive,33.0,1567,73,1,nisha,India,Haryana,Female,1965-07-14,2022-05-31 00:00:00,Y,24.0,3.0
0118-RWQWT,2019-06-19,Paid,2020-06-18,Premium,Annual,,,32.54,1395,61,0,vikram,India,Madhya Pradesh,Male,1967-07-09,2019-12-18 00:00:00,N,70.0,1.0
0119-BBYXO,2022-04-17,Organic,2023-04-17,Basic,Annual,2022-11-17,Forgot to cancel trial,8.79,438,96,1,atharva,India,West Bengal,Male,1965-09-14,2022-10-29 00:00:00,N,13.0,3.0
0120-PPPZI,2021-06-03,Organic,2022-06-03,Basic,Annual,,,11.62,301,48,0,divya,India,Kerala,Female,1989-10-22,2021-12-14 00:00:00,N,63.0,2.0
0121-CYLTC,2020-12-25,Refferal,2021-01-24,Premium,Monthly,2021-07-26,Switched to competitor,29.56,1988,83,1,atharva,India,Odisha,Male,1983-04-22,2021-05-25 00:00:00,N,34.0,1.0
0122-DHMBL,2023-01-16,Refferal,2024-01-16,Premium,Annual,,,29.86,1477,63,0,neha,India,Delhi,Female,1981-03-14,,,,
0123-VJWLL,2020-10-15,Paid,2021-10-15,Premium,Annual,,,32.5,1774,28,0,dhruv,India,Telangana,Male,1986-06-28,,,,
0124-YFZET,2023-08-30,Refferal,2023-09-29,Standard,Monthly,,,17.35,642,18,0,om,India,Telangana,Male,1984-09-01,2024-03-05 00:00:00,N,64.0,1.0
0125-LPPNY,2022-01-04,Refferal,2022-02-03,Basic,Monthly,,,11.6,486,13,0,richa,India,Kerala,Female,1996-06-22,,,,
0126-BZRKT,2022-02-16,Refferal,2022-03-18,Standard,Monthly,,,15.86,974,40,0,diya,India,Gujarat,Female,1974-12-17,,,,
0127-DZMHX,2023-05-26,Organic,2024-05-25,Standard,Annual,,,16.37,948,31,0,ayan,India,Meghalaya,Male,1980-08-17,2023-08-26 00:00:00,N,83.0,2.0
0128-YTNOI,2021-03-21,Organic,2021-04-20,Standard,Monthly,2021-07-19,Not enough content,16.95,898,76,1,swati,India,Punjab,Female,1993-04-01,,,,
0129-BCWEI,2020-10-03,Refferal,2021-10-03,Premium,Annual,,,26.27,1920,42,0,myra,India,Madhya Pradesh,Female,1988-09-03,2021-04-06 00:00:00,N,98.0,3.0
0130-NKDJE,2022-06-22,Organic,2023-06-22,Basic,Annual,,,9.9,249,64,0,anand,India,Tamil Nadu,Male,1971-04-18,,,,
0131-QKMSL,2022-01-06,Paid,2022-02-05,Standard,Monthly,,,16.82,1007,10,0,sai,India,Uttar Pradesh,Male,1978-02-07,,,,
0132-GOZOT,2022-08-31,Organic,2023-08-31,Basic,Annual,,,9.69,328,8,0,richa,India,Haryana,Female,1969-08-05,,,,
0133-ZUGVP,2023-07-25,Organic,2023-08-24,Premium,Monthly,2024-01-05,Not enough content,25.6,2303,92,1,ritu,India,Rajasthan,Female,1992-08-22,,,,
0134-NXVDT,2019-09-29,Organic,2019-10-29,Premium,Monthly,,,25.14,2584,12,0,anika,Nepal,Lalitpur,Female,1970-09-10,,,,
0135-GKLQW,2021-01-25,Paid,2022-01-25,Standard,Annual,,,16.9,595,32,0,vikram,India,Gujarat,Male,1996-03-01,,,,
0136-SWUKZ,2022-03-05,Paid,2023-03-05,Premium,Annual,2022-06-08,Poor streaming quality,89.39,2141,99,1,sunil,India,Tamil Nadu,Male,1980-02-25,,,,
0137-LZXWH,2019-04-17,Paid,2020-04-16,Premium,Annual,2019-05-02,Too expensive,31.18,2542,73,1,angel,India,Gujarat,Female,1968-09-12,2019-09-01 00:00:00,N,10.0,1.0
0138-SVZKD,2019-10-08,Paid,2019-11-07,Premium,Monthly,,,35.88,2286,42,0,advaith,India,Nagaland,Male,1969-08-18,,,,
0139-LSQDK,2022-04-22,Refferal,2023-04-22,Standard,Annual,,,18.81,822,18,0,riya,India,Nagaland,Female,1971-04-13,2022-06-29 00:00:00,N,78.0,1.0
0140-URWRH,2024-05-09,Organic,2025-05-09,Standard,Annual,,,14.55,1011,7,0,vikram,India,Karnataka,Male,2000-02-28,,,,
0141-ZZYDW,2019-02-04,Refferal,2019-03-06,Basic,Monthly,,,8.56,170,63,0,sunita,India,Rajasthan,Female,1999-03-20,,,,
0142-NQNKS,2021-11-13,Organic,2021-12-13,Premium,Monthly,,,25.22,2763,46,0,kartik,India,Meghalaya,Male,1977-06-13,,,,
0143-ILYGG,2019-09-02,Organic,2019-10-02,Premium,Monthly,,,20.17,1910,53,0,myra,India,Karnataka,Female,1978-11-16,,,,
0144-GJTWT,2022-12-29,Refferal,2023-01-28,Standard,Monthly,2023-04-08,Not enough content,16.27,868,97,1,vivaan,India,Haryana,Male,1977-03-15,2023-05-29 00:00:00,N,17.0,1.0
0145-TAWAB,2020-04-04,Paid,2020-05-04,Standard,Monthly,,,18.57,827,7,0,anita,India,Rajasthan,Female,2003-06-20,,,,
0146-DRBFN,2020-11-01,Organic,2021-11-01,Basic,Annual,,,9.2,299,22,0,vikram,India,Bihar,Male,2003-11-07,,,,
0147-GJZZU,2022-07-26,Refferal,2022-08-25,Standard,Monthly,,,14.0,1173,50,0,ishaan,India,Haryana,Male,1966-01-27,,,,
0148-CNGMB,2021-11-30,Paid,2022-11-30,Standard,Annual,,,18.86,586,35,0,parth,India,Karnataka,Male,1975-05-21,2022-05-23 00:00:00,N,55.0,2.0
0149-GIUST,2019-08-12,Organic,2019-09-11,Basic,Monthly,,,9.69,310,37,0,divya,India,Delhi,Female,1974-02-04,,,,
0150-ULMWC,2020-12-29,Paid,2021-01-28,Premium,Monthly,2021-09-01,Forgot to cancel trial,24.77,1556,82,1,isha,India,West Bengal,Female,1971-08-28,2021-01-29 00:00:00,N,18.0,2.0
0151-FKRYC,2021-06-27,Organic,2021-07-27,Standard,Monthly,2022-02-18,Poor streaming quality,14.6,972,99,1,navya,India,Delhi,Female,1973-11-14,2021-09-11 00:00:00,N,19.0,2.0
0152-PQQMW,2020-05-25,Refferal,2020-06-24,Standard,Monthly,,,17.9,867,53,0,anika,India,Punjab,Female,1971-02-27,,,,
0153-XNKEI,2021-08-24,Refferal,2022-08-24,Premium,Annual,2022-01-22,Forgot to cancel trial,35.98,1405,77,1,vivaan,India,Gujarat,Male,1967-08-18,,,,
0154-BZFWU,2021-01-04,Refferal,2021-02-03,Premium,Monthly,2021-09-28,Forgot to cancel trial,31.2,2354,76,1,anvi,India,West Bengal,Female,2001-03-01,2021-01-18 00:00:00,Y,24.0,2.0
0155-XFDSX,2023-10-29,Paid,2023-11-28,Standard,Monthly,,,17.51,1178,9,0,anika,India,Meghalaya,Female,1999-09-27,2024-04-14 00:00:00,N,81.0,2.0
0156-EZSYU,2019-09-18,Organic,2019-10-18,Premium,Monthly,,,35.17,2778,5,0,yash,India,Rajasthan,Male,1981-12-22,2020-02-26 00:00:00,Y,76.0,2.0
0157-GZEXC,2020-06-09,Organic,2020-07-09,Basic,Monthly,,,9.31,525,13,0,divya,India,Telangana,Female,1976-03-12,,,,
0158-MJOCM,2024-05-03,Organic,2024-06-02,Standard,Monthly,2025-02-22,Switched to competitor,14.84,884,72,1,shaurya,India,Karnataka,Male,1978-03-25,2024-10-10 00:00:00,N,20.0,3.0
0159-SSSGH,2021-05-25,Organic,2022-05-25,Premium,Annual,2021-11-05,Switched to competitor,29.99,1398,75,1,reyansh,India,Madhya Pradesh,Male,1971-11-22,2021-11-10 00:00:00,N,21.0,2.0
0160-XJLGM,2019-06-25,Refferal,2020-06-24,Premium,Annual,,,26.61,1665,56,0,anay,India,Meghalaya,Male,1998-09-29,,,,
0161-NZRYO,2019-03-13,Refferal,2019-04-12,Basic,Monthly,2019-07-14,Too expensive,12.69,379,75,1,deepak,India,Punjab,Male,2005-07-01,2019-08-25 00:00:00,Y,26.0,2.0
0162-XXBKK,2022-04-18,Refferal,2023-04-18,Basic,Annual,,,9.48,225,40,0,khushi,India,Maharashtra,Female,2000-04-13,,,,
0163-YYOCH,2019-12-19,Paid,2020-12-18,Basic,Annual,,,10.7,498,5,0,aarti,India,Madhya Pradesh,Female,1990-08-30,,,,
0164-WRBMG,2023-10-24,Refferal,2023-11-23,Basic,Monthly,,,7.8,530,55,0,ananya,India,Tamil Nadu,Female,1978-12-13,2024-05-05 00:00:00,N,73.0,3.0
0165-VNEIN,2023-09-11,Organic,2023-10-11,Basic,Monthly,,,9.73,334,20,0,manish,India,Maharashtra,Male,1972-10-17,,,,
0166-MKXRG,2019-12-01,Paid,2019-12-31,Standard,Monthly,2020-04-03,Too expensive,14.13,550,88,1,isha,India,Madhya Pradesh,Female,1991-04-30,,,,
0167-GKAUT,2020-04-03,Paid,2021-04-03,Premium,Annual,,,35.46,2067,57,0,deepak,India,Rajasthan,Male,1991-12-20,2020-09-14 00:00:00,N,46.0,2.0
0168-NRVJQ,2022-08-04,Paid,2023-08-04,Standard,Annual,,,17.27,1167,12,0,neha,India,Madhya Pradesh,Female,1967-11-12,,,,
0169-GBWVK,2021-04-08,Paid,2021-05-08,Premium,Monthly,,,31.32,1588,48,0,sara,India,Madhya Pradesh,Female,1978-04-06,2021-09-23 00:00:00,N,98.0,3.0
0170-TSOXY,2021-05-11,Paid,2022-05-11,Standard,Annual,,,16.92,974,33,0,angel,India,Uttar Pradesh,Female,1998-05-21,2021-11-06 00:00:00,N,59.0,3.0
0171-BWDFK,2022-07-16,Organic,2023-07-16,Premium,Annual,,,20.92,1628,13,0,ira,India,Rajasthan,Female,1999-12-11,,,,
0172-EUUDL,2020-02-13,Refferal,2021-02-12,Basic,Annual,,,12.34,537,15,0,meena,India,Madhya Pradesh,Female,1982-03-13,2020-07-27 00:00:00,N,54.0,1.0
0173-ICNHB,2020-11-22,Paid,2020-12-22,Standard,Monthly,,,18.97,1001,15,0,dhruv,India,Bihar,Male,1997-08-25,2021-01-20 00:00:00,N,77.0,2.0
0174-EJQAW,2019-04-09,Refferal,2019-05-09,Standard,Monthly,,,16.21,626,33,0,richa,India,Karnataka,Female,1994-09-11,,,,
0175-FRAKC,2019-08-03,Refferal,2019-09-02,Standard,Monthly,,,14.56,608,41,0,ritu,India,Meghalaya,Female,1983-10-16,2019-12-19 00:00:00,N,62.0,2.0
0176-XRMGA,2023-05-16,Refferal,2023-06-15,Premium,Monthly,2023-10-13,Poor streaming quality,31.57,2519,79,1,ayan,India,Madhya Pradesh,Male,1971-09-10,2023-05-31 00:00:00,N,33.0,1.0
0177-LDWXA,2024-05-10,Refferal,2025-05-10,Premium,Annual,2025-01-13,Not enough content,21.48,1574,82,1,yash,India,West Bengal,Male,1981-01-14,,,,
0178-MKXED,2020-01-07,Refferal,2021-01-06,Standard,Annual,,,17.05,1200,49,0,shaurya,India,Madhya Pradesh,Male,2000-12-27,,,,
0179-DXCKB,2023-01-22,Refferal,2023-02-21,Premium,Monthly,,,33.96,2609,9,0,pooja,India,Odisha,Female,1999-06-07,,,,
0180-SMRQD,2023-10-11,Paid,2023-11-10,Basic,Monthly,2023-11-20,Forgot to cancel trial,11.5,314,78,1,aarav,India,Rajasthan,Male,1987-09-06,2024-02-20 00:00:00,N,17.0,3.0
0181-TAKAO,2022-02-25,Organic,2023-02-25,Standard,Annual,,,15.81,555,57,0,vijay,Nepal,Lalitpur,Male,1978-08-31,,,,
0182-OQMRS,2022-01-26,Refferal,2023-01-26,Premium,Annual,2022-09-07,Switched to competitor,21.69,2208,92,1,reyansh,India,Uttar Pradesh,Male,1965-02-05,2022-03-20 00:00:00,Y,35.0,1.0
0183-LUSCK,2019-01-09,Refferal,2019-02-08,Premium,Monthly,,,34.95,2189,52,0,suresh,India,Odisha,Male,1971-01-15,,,,
0184-EPSDK,2023-04-11,Organic,2024-04-10,Standard,Annual,,,18.81,801,11,0,shalini,India,Haryana,Female,1992-04-26,2023-10-12 00:00:00,N,60.0,3.0
0185-RXDSZ,2022-02-25,Paid,2023-02-25,Premium,Annual,,,31.96,1785,30,0,rajesh,India,West Bengal,Male,1996-11-12,,,,
0186-NADRF,2020-02-22,Refferal,2020-03-23,Standard,Monthly,,,18.06,604,46,0,aarush,India,Meghalaya,Male,2002-08-27,,,,
0187-WTOGU,2022-11-04,Paid,2022-12-04,Basic,Monthly,,,11.45,253,52,0,anika,India,Punjab,Female,1983-09-09,,,,
0188-LFQSJ,2020-01-18,Organic,2020-02-17,Standard,Monthly,,,14.19,785,11,0,om,Nepal,Pokhara,Male,1985-02-18,2020-02-02 00:00:00,Y,60.0,2.0
0189-UQVHU,2021-12-02,Organic,2022-01-01,Standard,Monthly,2022-04-05,Not enough content,16.71,913,77,1,navya,India,West Bengal,Female,1988-07-27,2022-04-29 00:00:00,N,10.0,2.0
0190-RLXPQ,2021-03-01,Paid,2022-03-01,Basic,Annual,,,12.46,570,35,0,abhishek,India,Punjab,Male,2000-09-19,,,,
0191-LBXFN,2020-03-07,Refferal,2020-04-06,Premium,Monthly,,,26.78,2301,59,0,shaurya,Nepal,Lalitpur,Male,1988-12-02,,,,
0192-UQYTD,2022-02-16,Organic,2022-03-18,Standard,Monthly,,,16.03,961,30,0,priya,India,Delhi,Female,1967-06-09,2022-09-02 00:00:00,N,42.0,2.0
0193-JNHRP,2019-10-07,Refferal,2020-10-06,Premium,Annual,,,24.71,1810,61,0,divya,India,Maharashtra,Female,1986-04-06,,,,
0194-WQYAW,2020-09-16,Organic,2021-09-16,Basic,Annual,,,9.47,480,12,0,ayan,India,Punjab,Male,1989-02-04,2021-02-25 00:00:00,N,52.0,1.0
0195-EUWWY,2021-09-24,Paid,2022-09-24,Basic,Annual,2021-11-13,Too expensive,11.02,270,89,1,sonal,India,Delhi,Female,1976-03-31,2022-02-20 00:00:00,N,30.0,2.0
0196-EIUSQ,2021-01-04,Paid,2022-01-04,Premium,Annual,,,21.73,1367,57,0,sunita,India,West Bengal,Female,2004-05-19,,,,
0197-XFTQS,2022-02-03,Paid,2023-02-03,Premium,Annual,,,32.39,1657,40,0,rajesh,India,Punjab,Male,1999-07-04,,,,
0198-HMNKN,2022-03-05,Refferal,2022-04-04,Premium,Monthly,2022-07-16,Switched to competitor,31.7,1282,85,1,ganesh,India,Odisha,Male,1971-04-19,2022-03-20 00:00:00,N,43.0,1.0
0199-KXWBQ,2022-03-31,Refferal,2022-04-30,Standard,Monthly,,,17.26,874,60,0,parth,Nepal,Lalitpur,Male,2002-03-20,,,,
0200-NJXNJ,2021-06-19,Organic,2021-07-19,Basic,Monthly,2021-09-22,Not enough content,10.08,293,75,1,nisha,India,Maharashtra,Female,1987-07-07,,,,
0201-RKICR,2022-03-20,Refferal,2022-04-19,Basic,Monthly,,,10.77,170,12,0,riya,India,Haryana,Female,1966-01-03,2022-09-25 00:00:00,N,92.0,2.0
0202-YFPMM,2019-12-10,Refferal,2020-12-09,Standard,Annual,2020-03-01,Switched to competitor,16.97,570,82,1,amit,India,Rajasthan,Male,1992-12-15,2020-04-22 00:00:00,N,19.0,3.0
0203-RXOAY,2024-04-05,Paid,2025-04-05,Standard,Annual,2024-08-28,Poor streaming quality,16.94,1089,74,1,preeti,India,Karnataka,Female,1996-04-18,,,,
0204-CPOGA,2022-11-09,Paid,2023-11-09,Standard,Annual,,,14.52,936,19,0,vikas,India,Odisha,Male,1965-04-28,2023-05-07 00:00:00,N,53.0,3.0
0205-JOGHI,2019-07-25,Organic,2020-07-24,Standard,Annual,,,17.99,1128,48,0,sara,India,Nagaland,Female,1998-07-19,2020-01-08 00:00:00,Y,45.0,2.0
0206-BFCAJ,2019-04-28,Organic,2020-04-27,Standard,Annual,,,14.04,1172,36,0,ritu,India,Tamil Nadu,Female,1996-12-02,2019-10-03 00:00:00,N,84.0,1.0
0207-PRJRZ,2020-02-15,Refferal,2020-03-16,Premium,Monthly,,,31.25,2325,56,0,anay,India,Kerala,Male,1995-01-15,,,,
0208-PJVFZ,2022-02-18,Organic,2023-02-18,Standard,Annual,,,18.73,1025,59,0,meena,India,Gujarat,Female,1972-11-07,,,,
0209-UGLJM,2023-11-01,Organic,2024-10-31,Basic,Annual,,,8.54,345,17,0,ranveer,Nepal,Pokhara,Male,1995-07-30,,,,
0210-FIYNA,2020-12-01,Organic,2020-12-31,Standard,Monthly,,,15.56,723,20,0,saanvi,India,Punjab,Female,1995-03-22,2021-06-12 00:00:00,Y,87.0,3.0
0211-VJUDC,2020-10-07,Paid,2021-10-07,Standard,Annual,,,14.9,1023,17,0,ritu,India,Karnataka,Female,2003-01-15,,,,
0212-DNLYA,2022-12-01,Refferal,2023-12-01,Standard,Annual,,,17.44,512,27,0,meena,India,Rajasthan,Female,1985-07-05,,,,
0213-IPGOG,2022-12-06,Paid,2023-12-06,Standard,Annual,,,15.39,684,65,0,ritu,India,Rajasthan,Female,1987-05-17,,,,
0214-FCHGL,2019-12-28,Paid,2020-12-27,Basic,Annual,,,12.96,584,37,0,prisha,India,Meghalaya,Female,1986-03-21,,,,
0215-UHOOK,2019-07-17,Paid,2020-07-16,Standard,Annual,,,15.79,1073,54,0,vihaan,India,Gujarat,Male,1986-05-18,2019-11-04 00:00:00,Y,95.0,1.0
0216-OQNZH,2020-08-09,Paid,2020-09-08,Basic,Monthly,,,10.83,322,42,0,shalini,India,Bihar,Female,2004-11-27,,,,
0217-WBEFI,2023-05-19,Paid,2024-05-18,Standard,Annual,2023-10-09,Switched to competitor,14.83,523,77,1,khushi,India,Punjab,Female,1977-03-03,2023-06-19 00:00:00,Y,40.0,2.0
0218-TCGER,2021-12-14,Organic,2022-01-13,Basic,Monthly,,,10.97,590,58,0,neha,India,Tamil Nadu,Female,1984-11-17,,,,
0219-ZOHLZ,2020-09-26,Paid,2021-09-26,Premium,Annual,,,23.62,1830,19,0,sanjay,India,Haryana,Male,1988-06-25,2020-10-01 00:00:00,N,88.0,1.0
0220-IMAXY,2023-06-20,Organic,2024-06-19,Basic,Annual,,,9.46,437,18,0,neha,India,Haryana,Female,2000-10-17,2023-12-07 00:00:00,N,64.0,3.0
0221-HTVKW,2021-10-04,Organic,2022-10-04,Basic,Annual,2022-03-12,Not enough content,7.9,423,73,1,krishna,India,Bihar,Male,1992-09-16,2022-04-13 00:00:00,Y,15.0,2.0
0222-IUZMU,2019-05-27,Refferal,2020-05-26,Basic,Annual,,,8.14,580,27,0,angel,India,Meghalaya,Female,1967-07-08,,,,
0223-DTGUL,2021-08-26,Paid,2022-08-26,Standard,Annual,,,14.78,543,38,0,advik,India,Nagaland,Male,1988-05-18,,,,
0224-GQFXW,2022-04-12,Organic,2023-04-12,Basic,Annual,,,7.04,171,47,0,ayan,India,Haryana,Male,1979-07-23,,,,
0225-PJCEC,2019-09-15,Paid,2019-10-15,Standard,Monthly,,,18.9,1160,54,0,anika,India,Meghalaya,Female,1996-06-17,,,,
0226-TAJSG,2022-03-06,Organic,2023-03-06,Standard,Annual,,,17.65,781,41,0,sunil,India,Tamil Nadu,Male,1989-05-07,,,,
0227-OBEHG,2023-12-14,Organic,2024-12-13,Premium,Annual,,,23.81,2548,55,0,swati,India,Odisha,Female,1982-01-02,,,,
0228-NMOPI,2019-09-23,Organic,2019-10-23,Basic,Monthly,2020-04-23,Poor streaming quality,7.63,248,88,1,myra,India,Delhi,Female,1966-12-19,,,,
0229-GJPBY,2019-05-05,Paid,2020-05-04,Standard,Annual,,,17.96,559,20,0,harsh,India,Delhi,Male,1985-12-30,,,,
0230-TVCFN,2022-03-13,Refferal,2022-04-12,Premium,Monthly,,,31.98,1416,39,0,om,India,Punjab,Male,1973-07-02,,,,
0231-LRWEE,2021-06-26,Paid,2022-06-26,Premium,Annual,,,35.85,1961,43,0,shalini,India,Rajasthan,Female,1988-12-13,,,,
0232-SPOFT,2020-08-05,Refferal,2020-09-04,Premium,Monthly,,,22.15,1213,17,0,sunita,Nepal,Pokhara,Female,1982-10-24,2020-12-29 00:00:00,N,76.0,2.0
0233-CLEGX,2024-02-23,Organic,2024-03-24,Premium,Monthly,,,25.19,2199,47,0,advaith,India,Tamil Nadu,Male,1969-02-14,,,,
0234-VCQAV,2021-06-08,Paid,2021-07-08,Basic,Monthly,,,11.48,584,3,0,angel,India,West Bengal,Female,1980-08-10,,,,
0235-QBNIO,2021-07-01,Refferal,2021-07-31,Basic,Monthly,,,9.58,552,11,0,shalini,India,Meghalaya,Female,1967-04-08,2021-11-29 00:00:00,N,75.0,2.0
0236-UDDOM,2023-05-10,Paid,2024-05-09,Premium,Annual,,,34.78,2575,26,0,anand,India,Odisha,Male,1976-01-18,2023-08-11 00:00:00,N,41.0,2.0
0237-QLYGR,2024-03-12,Organic,2025-03-12,Basic,Annual,2024-11-23,Switched to competitor,9.05,561,84,1,om,India,Nagaland,Male,1998-03-06,2024-09-25 00:00:00,Y,40.0,3.0
0238-PRBEH,2022-09-19,Refferal,2023-09-19,Basic,Annual,,,7.1,594,27,0,anika,India,Maharashtra,Female,1967-12-28,2023-02-01 00:00:00,N,46.0,2.0
0239-ENLYA,2019-02-07,Paid,2020-02-07,Standard,Annual,,,17.12,741,65,0,manish,India,Madhya Pradesh,Male,1982-08-25,,,,
0240-VQWXV,2022-09-07,Organic,2022-10-07,Premium,Monthly,,,26.11,2454,46,0,anand,India,Uttar Pradesh,Male,1971-10-22,2023-02-05 00:00:00,Y,59.0,1.0
0241-LDQPR,2022-09-05,Refferal,2022-10-05,Standard,Monthly,,,14.33,1045,10,0,krishna,India,Odisha,Male,2005-10-20,2023-03-15 00:00:00,Y,60.0,1.0
0242-YHTVQ,2022-06-17,Paid,2022-07-17,Premium,Monthly,2023-03-03,Too expensive,23.7,1935,94,1,ira,India,Nagaland,Female,1970-11-26,,,,
0243-SJWMD,2020-03-31,Refferal,2020-04-30,Basic,Monthly,,,7.39,374,34,0,advaith,India,Maharashtra,Male,1977-02-08,,,,
0244-WXLUP,2023-05-31,Organic,2023-06-30,Standard,Monthly,,,16.27,543,18,0,pooja,India,Odisha,Female,1993-10-09,,,,
0245-KTONQ,2021-08-02,Organic,2022-08-02,Standard,Annual,,,17.06,555,60,0,advik,India,Punjab,Male,2004-09-02,2021-11-30 00:00:00,Y,72.0,3.0
0246-ALXXW,2019-07-06,Organic,2020-07-05,Premium,Annual,,,25.8,1986,65,0,kabir,India,Rajasthan,Male,1997-03-23,,,,
0247-YJJTX,2021-05-09,Paid,2022-05-09,Premium,Annual,2021-07-30,Too expensive,32.29,2482,98,1,shaurya,India,Rajasthan,Male,1999-07-03,2021-05-17 00:00:00,N,41.0,2.0
0248-FRLLP,2019-04-11,Organic,2019-05-11,Basic,Monthly,2019-09-25,Not enough content,10.91,168,71,1,kavir,India,Gujarat,Male,1992-10-20,2019-05-31 00:00:00,Y,28.0,2.0
0249-CHJJB,2020-11-05,Refferal,2021-11-05,Premium,Annual,2021-08-17,Switched to competitor,23.35,1319,93,1,sonal,India,Madhya Pradesh,Female,1971-01-14,,,,
0250-YZHPI,2021-10-16,Paid,2021-11-15,Premium,Monthly,2022-06-26,Switched to competitor,23.71,1596,70,1,sara,India,Madhya Pradesh,Female,1988-04-24,2022-04-02 00:00:00,Y,28.0,3.0
0251-UINIA,2023-09-04,Paid,2024-09-03,Standard,Annual,2024-05-11,Forgot to cancel trial,17.98,1161,74,1,priya,India,Maharashtra,Female,2002-04-29,2024-03-17 00:00:00,Y,43.0,2.0
0252-NFRUX,2022-07-07,Refferal,2022-08-06,Premium,Monthly,,,29.68,1439,51,0,navya,Nepal,Pokhara,Female,2002-09-18,2023-01-09 00:00:00,Y,66.0,2.0
0253-VHNEJ,2024-01-28,Refferal,2024-02-27,Basic,Monthly,,,9.03,397,36,0,advik,India,Bihar,Male,1987-09-13,2024-07-24 00:00:00,N,53.0,2.0
0254-LSNAY,2019-02-16,Refferal,2020-02-16,Premium,Annual,,,34.26,1594,37,0,ranveer,India,Karnataka,Male,1969-08-17,2019-08-11 00:00:00,Y,49.0,2.0
0255-NFJID,2022-01-12,Paid,2022-02-11,Basic,Monthly,2022-02-23,Switched to competitor,7.16,495,82,1,tanvi,India,Delhi,Female,1978-12-20,2022-06-17 00:00:00,N,38.0,3.0
0256-CUSCI,2022-06-17,Paid,2023-06-17,Standard,Annual,,,14.91,1181,58,0,shweta,India,Uttar Pradesh,Female,1971-06-13,,,,
0257-LAMJL,2020-10-29,Refferal,2020-11-28,Standard,Monthly,,,16.65,910,18,0,aarush,India,Meghalaya,Male,1987-10-15,,,,
0258-OZJIV,2022-09-19,Refferal,2022-10-19,Premium,Monthly,2023-05-29,Not enough content,34.88,2196,89,1,kiran,India,West Bengal,Female,1989-06-05,,,,
0259-EYBCV,2023-12-23,Refferal,2024-01-22,Basic,Monthly,,,10.96,381,27,0,pooja,India,Karnataka,Female,1969-01-23,,,,
0260-LFWHU,2021-11-11,Paid,2021-12-11,Standard,Monthly,,,14.3,1062,3,0,kiran,India,Kerala,Female,1969-01-02,,,,
0261-VJWWG,2022-09-18,Organic,2023-09-18,Basic,Annual,,,8.12,346,26,0,pooja,India,Punjab,Female,1982-02-12,,,,
0262-EZRDB,2019-06-23,Organic,2020-06-22,Standard,Annual,,,18.46,1118,42,0,ishaan,India,Madhya Pradesh,Male,1994-07-07,2019-11-22 00:00:00,N,86.0,3.0
0263-SHYOA,2019-10-18,Refferal,2020-10-17,Standard,Annual,,,16.57,1035,8,0,vikas,India,Kerala,Male,1970-01-29,2020-04-29 00:00:00,N,82.0,3.0
0264-UMNMT,2023-03-15,Paid,2024-03-14,Basic,Annual,2023-08-26,Forgot to cancel trial,10.77,446,71,1,sneha,Nepal,Pokhara,Female,1977-12-22,2023-05-23 00:00:00,Y,27.0,2.0
0265-WACEP,2020-04-28,Paid,2020-05-28,Premium,Monthly,,,33.78,1372,41,0,yash,India,Rajasthan,Male,1976-09-20,,,,
0266-EMZUG,2019-04-18,Organic,2020-04-17,Standard,Annual,,,16.37,987,51,0,ahana,India,Kerala,Female,1967-06-10,,,,
0267-GRKGN,2022-10-30,Organic,2022-11-29,Premium,Monthly,,,30.19,2084,44,0,aadhya,India,Bihar,Female,1982-02-19,,,,
0268-IGCRK,2020-10-03,Refferal,2020-11-02,Premium,Monthly,2021-06-03,Not enough content,20.13,2042,73,1,om,India,Telangana,Male,1988-04-28,2020-12-11 00:00:00,Y,11.0,2.0
0269-SDWDR,2022-08-01,Paid,2023-08-01,Standard,Annual,,,17.45,1183,23,0,ayan,India,Gujarat,Male,1978-03-20,2022-10-15 00:00:00,N,64.0,1.0
0270-IBYGL,2022-01-12,Paid,2022-02-11,Premium,Monthly,,,30.28,2665,5,0,prisha,India,Rajasthan,Female,1993-12-15,2022-07-22 00:00:00,Y,68.0,3.0
0271-SXONY,2024-05-08,Refferal,2025-05-08,Basic,Annual,,,10.39,333,22,0,shweta,India,Delhi,Female,1989-03-25,,,,
0272-QYCNY,2019-03-22,Paid,2019-04-21,Standard,Monthly,,,17.47,609,25,0,ramesh,India,Tamil Nadu,Male,1994-01-22,,,,
0273-XLEAA,2019-02-03,Organic,2020-02-03,Basic,Annual,2019-06-06,Forgot to cancel trial,9.02,519,73,1,sunil,India,Tamil Nadu,Male,1987-06-01,,,,
0274-WDPYA,2019-04-04,Organic,2019-05-04,Basic,Monthly,,,8.02,175,55,0,sunil,India,Madhya Pradesh,Male,2005-09-11,,,,
0275-LEPVC,2021-05-22,Paid,2022-05-22,Standard,Annual,,,14.59,1200,11,0,isha,India,Uttar Pradesh,Female,1967-10-31,2021-12-08 00:00:00,Y,51.0,1.0
0276-BHTEJ,2021-02-09,Organic,2021-03-11,Standard,Monthly,2021-07-19,Poor streaming quality,14.39,507,72,1,suresh,India,Karnataka,Male,1970-12-26,,,,
0277-MDDHL,2022-06-07,Organic,2023-06-07,Standard,Annual,2023-03-20,Switched to competitor,16.08,1071,73,1,atharva,India,Karnataka,Male,1991-10-01,,,,
0278-ZNMQF,2024-02-10,Paid,2025-02-09,Basic,Annual,2024-07-19,Too expensive,7.95,172,81,1,advik,India,Meghalaya,Male,1995-09-28,2024-03-31 00:00:00,Y,11.0,2.0
0279-NBGLP,2020-10-29,Organic,2020-11-28,Basic,Monthly,2021-03-05,Switched to competitor,11.42,595,98,1,prisha,India,West Bengal,Female,1975-04-28,2021-02-10 00:00:00,N,39.0,2.0
0280-QZFDR,2020-03-26,Paid,2020-04-25,Premium,Monthly,,,35.23,2383,57,0,anay,India,Bihar,Male,1985-07-28,2020-08-11 00:00:00,N,53.0,2.0
0281-TGIPX,2023-02-11,Refferal,2023-03-13,Standard,Monthly,,,16.65,990,47,0,vikas,India,Haryana,Male,1966-12-26,,,,
0282-LGOAT,2019-02-02,Paid,2020-02-02,Basic,Annual,,,11.21,589,40,0,krishna,India,Uttar Pradesh,Male,1994-01-19,2019-06-05 00:00:00,N,95.0,2.0
0283-SAQKR,2022-01-15,Refferal,2022-02-14,Premium,Monthly,,,21.29,2706,35,0,aarush,India,Gujarat,Male,1996-04-24,,,,
0284-RXCJQ,2020-02-24,Organic,2021-02-23,Basic,Annual,,,10.23,482,63,0,sunita,India,Delhi,Female,1990-02-26,,,,
0285-WSTTI,2021-07-15,Paid,2021-08-14,Standard,Monthly,,,17.54,1194,60,0,shalini,India,Gujarat,Female,1967-06-12,2021-10-22 00:00:00,N,100.0,3.0
0286-YCECD,2024-03-23,Organic,2025-03-23,Standard,Annual,2024-05-09,Switched to competitor,16.09,1160,76,1,pranav,India,Maharashtra,Male,1978-02-25,2024-09-09 00:00:00,N,31.0,3.0
0287-EGMZU,2022-12-28,Refferal,2023-12-28,Basic,Annual,,,12.83,579,60,0,ishaan,India,Bihar,Male,1972-06-18,,,,
0288-DGBID,2019-10-30,Paid,2020-10-29,Premium,Annual,,,35.6,1448,28,0,sunita,India,Karnataka,Female,1994-11-09,,,,
0289-TYYEZ,2022-03-20,Refferal,2022-04-19,Premium,Monthly,,,31.65,1893,49,0,shruti,India,Tamil Nadu,Female,1998-10-31,,,,
0290-BRDAQ,2022-04-09,Refferal,2022-05-09,Standard,Monthly,,,14.97,585,31,0,suresh,India,West Bengal,Male,1967-06-21,,,,
0291-YZKMP,2021-01-27,Paid,2022-01-27,Basic,Annual,,,8.7,329,31,0,yash,India,Meghalaya,Male,1997-02-12,,,,
0292-CSLZU,2019-10-13,Refferal,2019-11-12,Basic,Monthly,,,8.24,393,36,0,ahana,India,Haryana,Female,1997-09-07,,,,
0293-BYTCK,2020-02-13,Organic,2021-02-12,Standard,Annual,,,16.76,543,22,0,aarti,India,Bihar,Female,1996-11-10,,,,
0294-HOMAA,2021-05-04,Organic,2022-05-04,Premium,Annual,,,91.47,2209,7,0,neha,Nepal,Lalitpur,Female,1986-03-14,,,,
0295-JMLGR,2019-04-30,Organic,2020-04-29,Standard,Annual,,,18.38,638,6,0,rohan,India,Maharashtra,Male,2002-12-02,2019-10-14 00:00:00,N,62.0,2.0
0296-NTECT,2019-07-16,Refferal,2020-07-15,Basic,Annual,,,7.07,415,52,0,pooja,India,Tamil Nadu,Female,1977-03-06,,,,
0297-IXCEF,2022-12-09,Organic,2023-12-09,Standard,Annual,,,18.57,619,62,0,anand,India,Odisha,Male,2002-12-15,2023-05-15 00:00:00,N,61.0,2.0
0298-SAVFW,2021-05-20,Refferal,2021-06-19,Basic,Monthly,,,7.1,397,5,0,dev,India,Meghalaya,Male,1974-06-01,2021-11-09 00:00:00,N,43.0,1.0
0299-DGBRT,2019-07-05,Organic,2020-07-04,Premium,Annual,,,25.56,2225,42,0,vijay,India,Telangana,Male,1973-04-16,2019-11-22 00:00:00,Y,52.0,3.0
0300-ZCFNS,2021-02-16,Paid,2021-03-18,Premium,Monthly,2021-11-24,Too expensive,23.63,1843,73,1,aditi,India,Nagaland,Female,1973-02-11,2021-07-13 00:00:00,N,15.0,2.0
0301-PIZLO,2021-09-01,Refferal,2022-09-01,Basic,Annual,,,7.07,495,9,0,kiran,India,Delhi,Female,2005-02-19,,,,
0302-NRDKS,2019-09-09,Organic,2020-09-08,Premium,Annual,,,27.98,2768,20,0,shaurya,India,Telangana,Male,1980-03-11,,,,
0303-UYJRY,2021-10-15,Organic,2021-11-14,Basic,Monthly,,,7.59,177,34,0,shalini,India,Bihar,Female,1969-11-06,,,,
0304-ZJRDQ,2020-02-18,Paid,2021-02-17,Standard,Annual,,,16.51,1055,58,0,arjun,India,Odisha,Male,1999-06-07,,,,
0305-ATZWD,2022-02-14,Refferal,2023-02-14,Premium,Annual,,,22.62,1839,34,0,pooja,India,Bihar,Female,1985-08-15,,,,
0306-OMOOM,2022-06-17,Refferal,2023-06-17,Standard,Annual,,,15.59,528,11,0,rajesh,India,Gujarat,Male,1987-03-12,,,,
0307-JTAXI,2020-05-22,Organic,2021-05-22,Premium,Annual,2020-06-16,Forgot to cancel trial,21.35,1824,75,1,rahul,India,Kerala,Male,1983-06-25,2020-11-11 00:00:00,N,42.0,2.0
0308-ZJKOV,2019-12-08,Refferal,2020-12-07,Standard,Annual,,,18.84,706,57,0,dev,India,West Bengal,Male,1987-04-14,,,,
0309-BWFGH,2019-07-14,Refferal,2020-07-13,Standard,Annual,,,14.33,1043,16,0,aalia,India,Delhi,Female,1997-03-12,2020-01-01 00:00:00,N,72.0,1.0
0310-LOFKQ,2023-11-02,Organic,2024-11-01,Basic,Annual,,,10.95,571,32,0,sonal,India,Maharashtra,Female,1993-03-01,2024-03-30 00:00:00,N,43.0,3.0
0311-DRHLI,2022-08-16,Organic,2023-08-16,Premium,Annual,2023-01-03,Not enough content,29.61,1432,70,1,kartik,India,Haryana,Male,1976-12-22,2022-12-07 00:00:00,N,12.0,2.0
0312-UHOQB,2024-01-19,Paid,2025-01-18,Premium,Annual,,,30.51,2683,18,0,ananya,India,Delhi,Female,1979-01-31,2024-06-25 00:00:00,Y,91.0,3.0
0313-IPKTG,2021-06-19,Paid,2022-06-19,Premium,Annual,,,20.88,2632,23,0,riya,India,Rajasthan,Female,1974-08-09,,,,
0314-MGHUD,2022-05-25,Organic,2022-06-24,Premium,Monthly,,,34.67,1718,22,0,sunita,India,Maharashtra,Female,1993-12-14,,,,
0315-SXRNG,2020-09-01,Organic,2020-10-01,Standard,Monthly,,,17.15,1159,5,0,anita,India,Punjab,Female,1976-06-18,2021-01-09 00:00:00,N,66.0,1.0
0316-SWVVS,2022-08-06,Refferal,2022-09-05,Premium,Monthly,,,27.08,1206,43,0,karan,India,West Bengal,Male,1985-05-02,2023-02-09 00:00:00,N,93.0,3.0
0317-LWDEP,2024-04-18,Refferal,2024-05-18,Basic,Monthly,,,12.68,435,43,0,shruti,India,Haryana,Female,1981-06-28,2024-08-19 00:00:00,Y,84.0,1.0
0318-BQPDY,2024-03-16,Paid,2025-03-16,Basic,Annual,2024-08-14,Not enough content,8.34,254,97,1,vikas,India,Odisha,Male,1984-07-09,2024-07-06 00:00:00,Y,19.0,2.0
0319-HGQXJ,2022-11-07,Organic,2023-11-07,Premium,Annual,2022-12-18,Not enough content,26.76,1349,71,1,angel,India,Meghalaya,Female,2004-02-03,2023-04-16 00:00:00,N,12.0,2.0
0320-ZRDXB,2019-09-28,Organic,2020-09-27,Premium,Annual,,,28.48,1439,65,0,kabir,India,Madhya Pradesh,Male,1980-03-20,2020-04-11 00:00:00,N,67.0,2.0
0321-NLETM,2020-04-15,Organic,2020-05-15,Standard,Monthly,,,15.29,978,60,0,anand,India,Bihar,Male,1967-05-22,,,,
0322-BJSMM,2023-03-16,Refferal,2024-03-15,Premium,Annual,,,34.24,2395,3,0,ayan,India,Telangana,Male,2003-12-12,,,,
0323-OKBTR,2023-09-11,Paid,2023-10-11,Basic,Monthly,,,7.48,575,33,0,ananya,India,Nagaland,Female,1982-09-07,,,,
0324-YPAZR,2023-06-30,Refferal,2024-06-29,Standard,Annual,,,17.98,572,41,0,pooja,India,Meghalaya,Female,1974-06-26,,,,
0325-KEZWC,2019-09-04,Paid,2020-09-03,Standard,Annual,,,17.67,817,41,0,shaurya,India,Punjab,Male,1977-10-13,2020-01-12 00:00:00,N,64.0,3.0
0326-TVPLL,2024-03-21,Paid,2024-04-20,Standard,Monthly,,,16.33,581,33,0,rajesh,India,Bihar,Male,1995-05-06,2024-09-17 00:00:00,N,93.0,1.0
0327-NHBBB,2023-07-23,Paid,2024-07-22,Standard,Annual,2024-03-30,Too expensive,16.92,1015,93,1,rajesh,India,Nagaland,Male,1985-11-04,,,,
0328-BKSIS,2020-03-08,Organic,2020-04-07,Premium,Monthly,2020-04-01,Switched to competitor,35.7,2579,87,1,ritu,India,West Bengal,Female,2004-02-02,2020-07-13 00:00:00,N,35.0,3.0
0329-EVSEA,2020-01-26,Organic,2021-01-25,Standard,Annual,2020-04-28,Poor streaming quality,14.73,932,75,1,ira,India,Haryana,Female,2002-10-10,2020-06-28 00:00:00,Y,28.0,2.0
0330-ZWTPO,2024-03-30,Refferal,2025-03-30,Basic,Annual,2024-09-22,Forgot to cancel trial,11.28,420,88,1,pari,India,Madhya Pradesh,Female,1988-01-11,2024-09-29 00:00:00,N,20.0,3.0
0331-SMLNP,2023-01-20,Refferal,2024-01-20,Standard,Annual,,,18.16,1189,26,0,isha,India,Bihar,Female,1970-11-19,,,,
0332-UVQHT,2024-04-15,Paid,2025-04-15,Basic,Annual,,,8.25,174,25,0,sara,India,Rajasthan,Female,1992-03-04,,,,
0333-JEVXA,2020-06-12,Paid,2021-06-12,Basic,Annual,,,11.61,435,12,0,ranveer,India,Uttar Pradesh,Male,1970-06-01,,,,
0334-WPCBY,2024-04-24,Organic,2024-05-24,Premium,Monthly,,,21.68,1620,13,0,myra,Nepal,Lalitpur,Female,1992-05-07,,,,
0335-STMWE,2023-04-25,Organic,2023-05-25,Standard,Monthly,2023-11-16,Poor streaming quality,15.7,1017,78,1,priya,India,Nagaland,Female,2003-01-25,,,,
0336-DTKFU,2021-06-25,Organic,2021-07-25,Premium,Monthly,,,32.89,1373,28,0,aarti,India,Odisha,Female,2000-08-23,,,,
0337-EBTRQ,2021-05-08,Paid,2022-05-08,Premium,Annual,,,31.87,1216,60,0,kartik,Nepal,Lalitpur,Male,2004-04-15,,,,
0338-XSLFO,2019-06-22,Organic,2020-06-21,Standard,Annual,,,17.62,629,37,0,sneha,India,Punjab,Female,1999-10-14,2019-11-04 00:00:00,N,73.0,1.0
0339-TEAUP,2023-09-20,Paid,2024-09-19,Premium,Annual,,,28.11,2749,10,0,dhruv,India,Odisha,Male,1969-12-15,,,,
0340-OAIGT,2019-08-04,Paid,2019-09-03,Standard,Monthly,,,16.26,650,56,0,karan,India,Meghalaya,Male,1997-01-16,,,,
0341-CLDFC,2022-07-27,Paid,2023-07-27,Premium,Annual,,,34.89,2053,12,0,aditi,India,Punjab,Female,2004-02-13,,,,
0342-MLZNN,2022-05-17,Paid,2022-06-16,Basic,Monthly,2022-07-31,Not enough content,9.21,298,74,1,ramesh,India,Rajasthan,Male,1990-01-29,2022-08-07 00:00:00,Y,11.0,2.0
0343-YHHET,2022-03-19,Paid,2023-03-19,Standard,Annual,,,17.9,986,56,0,ayan,India,Delhi,Male,2004-01-18,,,,
0344-TNLLL,2020-11-25,Refferal,2020-12-25,Premium,Monthly,2020-12-22,Forgot to cancel trial,34.23,2522,75,1,angel,India,Haryana,Female,1982-05-16,,,,
0345-IQQCY,2019-09-04,Refferal,2019-10-04,Basic,Monthly,2020-05-03,Switched to competitor,8.64,255,92,1,vikas,India,Madhya Pradesh,Male,1987-07-20,,,,
0346-KBWAL,2019-07-23,Refferal,2019-08-22,Standard,Monthly,,,14.71,761,12,0,ananya,India,West Bengal,Female,1982-02-19,2020-01-17 00:00:00,Y,79.0,2.0
0347-KIKIJ,2021-02-27,Organic,2022-02-27,Basic,Annual,,,8.9,433,33,0,vihaan,India,Uttar Pradesh,Male,1987-02-11,2021-07-23 00:00:00,N,83.0,3.0
0348-HKCQF,2024-05-22,Refferal,2025-05-22,Basic,Annual,,,7.0,387,42,0,rohan,India,Rajasthan,Male,2000-01-30,2024-05-27 00:00:00,Y,98.0,1.0
0349-HGRZV,2022-02-27,Organic,2023-02-27,Basic,Annual,,,9.36,212,49,0,sanjay,India,Tamil Nadu,Male,1967-01-16,,,,
0350-HLPYI,2020-11-30,Organic,2021-11-30,Premium,Annual,,,25.25,1473,3,0,kavya,Nepal,Lalitpur,Female,1985-04-23,,,,
0351-AAEOS,2022-10-08,Organic,2023-10-08,Standard,Annual,,,18.13,866,56,0,meena,India,Delhi,Female,1989-03-01,,,,
0352-SAMYL,2022-07-04,Paid,2022-08-03,Basic,Monthly,2022-11-03,Switched to competitor,12.87,335,85,1,vivaan,India,Kerala,Male,1973-08-04,2022-11-12 00:00:00,Y,22.0,3.0
0353-GOFNU,2019-01-05,Paid,2019-02-04,Standard,Monthly,,,16.15,916,46,0,abhishek,India,Gujarat,Male,1995-07-15,,,,
0354-MNBSB,2023-12-08,Refferal,2024-01-07,Premium,Monthly,,,23.6,1352,15,0,richa,India,Maharashtra,Female,1982-07-31,2024-04-13 00:00:00,N,41.0,2.0
0355-VGMYV,2023-04-14,Organic,2024-04-13,Premium,Annual,,,21.99,1268,59,0,preeti,India,Delhi,Female,1999-10-19,,,,
0356-BDXLH,2021-04-02,Organic,2022-04-02,Basic,Annual,,,12.18,553,3,0,navya,India,Karnataka,Female,1990-02-01,,,,
0357-MLQCQ,2022-12-31,Organic,2023-01-30,Premium,Monthly,,,22.01,1927,49,0,ramesh,India,Telangana,Male,1969-11-05,,,,
0358-EDBDP,2020-12-03,Paid,2021-12-03,Basic,Annual,,,10.1,486,6,0,neha,India,Meghalaya,Female,1971-08-13,2021-05-20 00:00:00,N,90.0,3.0
0359-PIPZQ,2019-03-28,Paid,2019-04-27,Basic,Monthly,2019-07-30,Too expensive,10.82,504,89,1,priya,India,Bihar,Female,2004-04-20,,,,
0360-VUJKV,2020-08-18,Paid,2020-09-17,Premium,Monthly,,,29.36,1289,15,0,rohan,India,Kerala,Male,1966-05-07,2020-10-18 00:00:00,N,86.0,1.0
0361-IOEAV,2020-11-24,Organic,2021-11-24,Standard,Annual,,,15.19,881,63,0,vivaan,India,Meghalaya,Male,1981-12-31,,,,
0362-UQLSD,2021-05-29,Refferal,2021-06-28,Basic,Monthly,2021-11-10,Too expensive,11.57,450,87,1,advik,India,Punjab,Male,1996-02-24,2021-11-11 00:00:00,N,18.0,1.0
0363-ZXFCM,2020-01-02,Paid,2021-01-01,Premium,Annual,,,31.1,2213,40,0,shaurya,India,Odisha,Male,1981-10-15,,,,
0364-XPAFF,2024-03-30,Paid,2025-03-30,Premium,Annual,,,21.35,1804,25,0,vikram,India,Haryana,Male,2004-11-12,2024-08-01 00:00:00,N,61.0,1.0
0365-LLJMH,2020-08-26,Refferal,2020-09-25,Standard,Monthly,2020-09-29,Forgot to cancel trial,18.62,600,81,1,atharva,India,Gujarat,Male,1993-12-13,2021-02-19 00:00:00,N,29.0,1.0
0366-EPDWS,2024-04-21,Paid,2024-05-21,Standard,Monthly,,,17.26,652,17,0,aadhya,India,Tamil Nadu,Female,2001-11-20,2024-11-05 00:00:00,N,92.0,3.0
0367-LYKLW,2019-01-20,Paid,2020-01-20,Standard,Annual,,,15.12,935,28,0,rohan,India,Meghalaya,Male,1978-09-16,,,,
0368-RHPOA,2024-02-15,Refferal,2025-02-14,Standard,Annual,2024-06-05,Poor streaming quality,15.01,900,82,1,ishaan,Nepal,Pokhara,Male,1990-06-28,2024-06-14 00:00:00,N,29.0,3.0
0369-EBZHG,2021-03-11,Organic,2021-04-10,Basic,Monthly,,,10.21,394,27,0,ramesh,India,Odisha,Male,1965-06-30,,,,
0370-WDFLS,2020-07-18,Organic,2020-08-17,Basic,Monthly,,,9.66,572,54,0,ahana,India,Tamil Nadu,Female,1991-05-10,2020-12-17 00:00:00,Y,45.0,2.0
0371-QXJVU,2023-02-10,Paid,2024-02-10,Standard,Annual,,,18.54,687,9,0,ritu,India,Rajasthan,Female,1983-08-15,,,,
0372-YGWHQ,2019-09-06,Paid,2019-10-06,Basic,Monthly,,,10.02,549,31,0,navya,India,Telangana,Female,2005-10-06,2020-01-18 00:00:00,Y,41.0,1.0
0373-QRMIK,2019-10-07,Paid,2020-10-06,Standard,Annual,,,16.3,584,18,0,vikram,India,Gujarat,Male,1970-02-22,,,,
0374-LMHEV,2022-10-19,Paid,2022-11-18,Standard,Monthly,,,15.78,721,60,0,atharva,India,Punjab,Male,1972-07-22,,,,
0375-FSVVQ,2023-05-01,Paid,2023-05-31,Basic,Monthly,2023-12-17,Switched to competitor,9.24,272,70,1,siddharth,India,Bihar,Male,1967-05-09,2023-10-27 00:00:00,N,24.0,1.0
0376-UVEEK,2021-03-20,Paid,2021-04-19,Basic,Monthly,,,8.27,332,3,0,rudra,India,Telangana,Male,1993-01-08,,,,
0377-IKLBV,2021-10-20,Organic,2021-11-19,Standard,Monthly,,,18.79,1114,43,0,pari,India,Telangana,Female,1983-06-11,,,,
0378-RZSIQ,2021-07-08,Paid,2021-08-07,Premium,Monthly,2021-09-24,Not enough content,29.39,1676,94,1,shweta,India,Maharashtra,Female,1992-04-19,2022-01-22 00:00:00,Y,15.0,2.0
0379-DFAYP,2019-03-23,Refferal,2020-03-22,Premium,Annual,,,32.99,1669,24,0,priya,India,West Bengal,Female,1993-11-14,2019-08-13 00:00:00,Y,98.0,1.0
0380-USFWN,2019-04-17,Refferal,2019-05-17,Basic,Monthly,,,7.74,238,56,0,suresh,India,Delhi,Male,2004-01-08,,,,
0381-FNLME,2022-07-25,Organic,2023-07-25,Standard,Annual,,,14.39,868,13,0,kavir,India,Uttar Pradesh,Male,1978-08-07,,,,
0382-KPLEY,2022-05-03,Refferal,2022-06-02,Premium,Monthly,,,31.62,2149,21,0,ananya,India,Haryana,Female,2003-04-24,,,,
0383-PBDME,2021-10-03,Paid,2022-10-03,Standard,Annual,,,18.84,882,22,0,aarav,India,Odisha,Male,1997-10-06,,,,
0384-PKBXK,2023-01-19,Paid,2024-01-19,Premium,Annual,,,31.01,2533,30,0,advik,India,Gujarat,Male,1999-08-07,,,,
0385-GAVQR,2024-05-03,Refferal,2024-06-02,Basic,Monthly,,,7.69,197,61,0,kabir,India,Meghalaya,Male,1976-05-29,,,,
0386-SZCXW,2022-09-10,Paid,2023-09-10,Premium,Annual,,,26.58,2690,9,0,rahul,India,Tamil Nadu,Male,1987-06-17,,,,
0387-UIDTY,2019-05-24,Refferal,2020-05-23,Premium,Annual,2019-09-11,Too expensive,26.66,2082,81,1,neha,India,Rajasthan,Female,2001-08-15,2019-10-04 00:00:00,N,38.0,1.0
0388-EBETG,2020-08-23,Organic,2021-08-23,Basic,Annual,2021-05-09,Poor streaming quality,8.65,325,77,1,divya,India,Nagaland,Female,2003-12-15,2020-11-04 00:00:00,N,10.0,1.0
0389-CNAPZ,2022-10-28,Paid,2023-10-28,Basic,Annual,,,12.64,490,42,0,nisha,India,West Bengal,Female,1992-02-11,2023-04-29 00:00:00,N,93.0,2.0
0390-ADNYT,2019-01-07,Refferal,2020-01-07,Basic,Annual,2019-07-07,Poor streaming quality,10.79,597,95,1,rohan,India,Madhya Pradesh,Male,1988-02-06,2019-05-01 00:00:00,N,40.0,2.0
0391-THFDN,2022-01-28,Paid,2022-02-27,Standard,Monthly,,,18.77,993,18,0,krishna,India,Delhi,Male,1978-07-09,2022-08-13 00:00:00,N,84.0,1.0
0392-CZAYI,2022-09-24,Organic,2023-09-24,Basic,Annual,,,11.76,320,62,0,khushi,India,Gujarat,Female,1994-11-15,,,,
0393-YBIXT,2019-08-25,Paid,2019-09-24,Basic,Monthly,,,7.52,529,15,0,sonal,Nepal,Pokhara,Female,2001-04-07,,,,
0394-DJWYO,2020-10-16,Paid,2020-11-15,Premium,Monthly,,,30.61,1418,37,0,dhruv,India,Telangana,Male,2003-01-01,,,,
0395-IVHFR,2022-11-11,Organic,2023-11-11,Premium,Annual,,,29.17,1641,48,0,vijay,India,Karnataka,Male,1991-11-13,,,,
0396-BVDSW,2020-09-04,Refferal,2020-10-04,Basic,Monthly,,,10.28,322,33,0,dev,India,Rajasthan,Male,2003-06-08,,,,
0397-TKNHS,2023-11-09,Organic,2024-11-08,Standard,Annual,2024-07-28,Not enough content,17.26,1091,92,1,dev,India,Punjab,Male,1969-05-14,2024-05-17 00:00:00,N,16.0,3.0
0398-YCZEB,2020-05-16,Organic,2020-06-15,Basic,Monthly,,,9.37,304,64,0,aditi,India,Meghalaya,Female,1993-02-15,2020-09-16 00:00:00,N,81.0,3.0
0399-ADDQX,2023-06-15,Refferal,2023-07-15,Standard,Monthly,,,16.41,1160,22,0,vivaan,India,Madhya Pradesh,Male,1977-04-12,,,,
0400-CBXUE,2022-01-08,Refferal,2022-02-07,Basic,Monthly,2022-04-25,Switched to competitor,12.78,210,89,1,vikram,India,Odisha,Male,1986-12-01,,,,
0401-DDFEO,2019-12-18,Paid,2020-01-17,Basic,Monthly,,,8.79,415,21,0,sai,Nepal,Lalitpur,Male,1978-05-24,,,,
0402-LPSNZ,2020-04-30,Organic,2020-05-30,Basic,Monthly,2021-02-21,Too expensive,8.79,576,74,1,isha,India,Telangana,Female,1995-11-11,2020-10-11 00:00:00,N,45.0,3.0
0403-YDFQH,2020-10-09,Paid,2021-10-09,Basic,Annual,2021-07-23,Switched to competitor,12.77,276,73,1,parth,India,Odisha,Male,1992-02-20,2021-03-26 00:00:00,Y,31.0,2.0
0404-AJZJC,2021-09-29,Organic,2022-09-29,Premium,Annual,,,29.14,1755,60,0,atharva,India,Tamil Nadu,Male,1991-06-01,2022-04-14 00:00:00,N,62.0,2.0
0405-MDANE,2022-08-02,Paid,2022-09-01,Premium,Monthly,,,29.73,1574,25,0,ishaan,India,Gujarat,Male,1967-05-17,,,,
0406-NHLYW,2023-09-28,Organic,2023-10-28,Basic,Monthly,2023-11-25,Not enough content,11.37,197,71,1,dhruv,India,Delhi,Male,1978-09-17,2024-01-19 00:00:00,N,18.0,1.0
0407-MRRND,2023-03-16,Paid,2023-04-15,Premium,Monthly,,,30.57,2281,5,0,ganesh,India,Maharashtra,Male,1997-01-13,,,,
0408-ZRWNF,2021-05-15,Paid,2022-05-15,Basic,Annual,,,9.23,207,46,0,rohan,India,Odisha,Male,1980-11-06,2021-07-26 00:00:00,Y,87.0,3.0
0409-VAMQM,2020-12-17,Refferal,2021-01-16,Standard,Monthly,,,15.76,603,15,0,aadhya,India,West Bengal,Female,1978-05-21,2021-02-17 00:00:00,N,63.0,3.0
0410-JXNHZ,2019-08-15,Organic,2020-08-14,Basic,Annual,,,7.79,365,60,0,ahana,India,Haryana,Female,1965-04-06,2020-02-10 00:00:00,N,60.0,3.0
0411-NYVKC,2019-04-17,Refferal,2020-04-16,Standard,Annual,,,18.87,508,21,0,vivaan,India,Kerala,Male,1987-06-07,2019-11-02 00:00:00,N,79.0,1.0
0412-SEHCG,2023-07-17,Organic,2023-08-16,Basic,Monthly,,,12.95,452,12,0,yash,India,Telangana,Male,1986-04-05,2023-11-01 00:00:00,Y,52.0,1.0
0413-LQCBK,2022-08-11,Organic,2023-08-11,Basic,Annual,,,8.61,293,48,0,aalia,India,Haryana,Female,1986-07-01,,,,
0414-IBBBT,2021-01-14,Paid,2022-01-14,Basic,Annual,,,7.57,156,52,0,aarush,India,Nagaland,Male,1984-04-30,,,,
0415-ITJUN,2019-09-25,Refferal,2019-10-25,Basic,Monthly,,,10.51,485,15,0,saanvi,India,Telangana,Female,1991-03-19,,,,
0416-YBOIS,2022-12-28,Paid,2023-12-28,Standard,Annual,,,16.23,620,7,0,alok,India,Karnataka,Male,1970-09-26,,,,
0417-NYUEH,2020-01-25,Refferal,2021-01-24,Standard,Annual,,,17.41,1025,13,0,aarush,India,Karnataka,Male,2000-08-20,,,,
0418-NOKPF,2021-11-16,Paid,2022-11-16,Standard,Annual,,,18.25,803,38,0,shaurya,India,Maharashtra,Male,2004-06-09,2021-12-02 00:00:00,N,58.0,1.0
0419-QYHDW,2022-07-19,Refferal,2023-07-19,Standard,Annual,,,14.41,1062,11,0,harsh,Nepal,Kathmandu,Male,1988-12-24,,,,
0420-PIBVV,2022-01-05,Refferal,2022-02-04,Premium,Monthly,,,31.92,2539,43,0,om,Nepal,Kathmandu,Male,1976-06-26,,,,
0421-OVFGP,2019-07-11,Paid,2019-08-10,Standard,Monthly,2019-10-26,Not enough content,14.92,680,85,1,ira,India,Haryana,Female,1981-07-15,2019-08-30 00:00:00,N,22.0,1.0
0422-DLLQK,2019-02-12,Organic,2019-03-14,Premium,Monthly,2019-03-05,Switched to competitor,34.94,2777,74,1,om,India,Maharashtra,Male,1992-01-24,2019-05-14 00:00:00,N,15.0,3.0
0423-BRQDV,2019-10-18,Organic,2019-11-17,Basic,Monthly,2020-03-27,Too expensive,8.35,347,90,1,alok,India,Odisha,Male,2004-10-06,,,,
0424-RSXMZ,2019-08-31,Paid,2019-09-30,Basic,Monthly,,,10.62,241,24,0,reyansh,Nepal,Pokhara,Male,1981-01-11,,,,
0425-RDRHV,2023-07-19,Refferal,2023-08-18,Basic,Monthly,,,12.16,226,12,0,diya,India,Madhya Pradesh,Female,1994-09-07,2023-11-15 00:00:00,N,90.0,2.0
0426-DIDTJ,2020-11-13,Organic,2020-12-13,Standard,Monthly,,,16.08,1009,34,0,kiran,India,Haryana,Female,1991-12-29,,,,
0427-VKPKP,2021-01-12,Refferal,2022-01-12,Basic,Annual,,,12.52,180,26,0,dev,India,Kerala,Male,1965-02-16,,,,
0428-WVHDW,2019-08-29,Refferal,2019-09-28,Standard,Monthly,,,17.66,934,47,0,saanvi,India,Uttar Pradesh,Female,1967-07-05,2019-11-04 00:00:00,Y,76.0,3.0
0429-DETTS,2022-11-24,Organic,2023-11-24,Basic,Annual,2023-03-07,Forgot to cancel trial,7.93,478,94,1,shweta,India,West Bengal,Female,1984-12-01,2023-05-30 00:00:00,N,42.0,2.0
0430-SLEZN,2022-05-24,Organic,2023-05-24,Standard,Annual,,,15.56,1157,27,0,pranav,India,Karnataka,Male,1974-10-27,2022-11-10 00:00:00,N,57.0,2.0
0431-AHOBP,2022-03-02,Organic,2023-03-02,Basic,Annual,,,7.28,197,3,0,prisha,India,Karnataka,Female,1975-10-13,,,,
0432-TYNIK,2019-07-26,Refferal,2019-08-25,Basic,Monthly,,,10.51,345,58,0,sara,India,Nagaland,Female,1979-11-12,,,,
0433-HDMXC,2024-05-27,Refferal,2025-05-27,Standard,Annual,,,17.92,847,42,0,pranav,India,Meghalaya,Male,1999-06-28,,,,
0434-LXUKF,2019-10-20,Paid,2019-11-19,Standard,Monthly,2020-01-25,Switched to competitor,14.46,821,79,1,ishaan,India,Madhya Pradesh,Male,1969-05-15,2020-01-23 00:00:00,Y,21.0,2.0
0435-QDDOB,2024-05-03,Paid,2025-05-03,Basic,Annual,,,11.08,409,59,0,meena,India,Meghalaya,Female,1984-10-10,,,,
0436-RQQTG,2023-10-15,Organic,2023-11-14,Standard,Monthly,2024-06-25,Forgot to cancel trial,18.36,1185,84,1,ishaan,India,Tamil Nadu,Male,1981-11-10,2023-12-05 00:00:00,N,35.0,1.0
0437-FIIZM,2019-10-26,Refferal,2019-11-25,Standard,Monthly,,,16.83,1115,6,0,myra,India,Karnataka,Female,1989-06-14,,,,
0438-JLMBW,2021-04-09,Organic,2022-04-09,Premium,Annual,,,27.21,1638,19,0,khushi,India,Rajasthan,Female,1968-10-01,2021-05-07 00:00:00,N,67.0,1.0
0439-ZHFYM,2020-02-11,Organic,2020-03-12,Standard,Monthly,2020-10-17,Too expensive,17.31,824,98,1,dev,India,Punjab,Male,2001-12-02,2020-05-30 00:00:00,Y,10.0,3.0
0440-SUPFF,2019-02-03,Paid,2020-02-03,Premium,Annual,,,33.09,2222,32,0,abhishek,India,Maharashtra,Male,1981-08-11,,,,
0441-JVLZI,2021-06-11,Paid,2022-06-11,Premium,Annual,,,31.01,1780,63,0,ramesh,India,Rajasthan,Male,1989-10-18,,,,
0442-WZUCQ,2023-07-09,Organic,2024-07-08,Standard,Annual,,,15.05,965,10,0,diya,India,Nagaland,Female,1993-06-02,2023-10-27 00:00:00,N,81.0,2.0
0443-AJFHW,2019-03-08,Organic,2019-04-07,Basic,Monthly,,,11.73,580,55,0,neha,India,Haryana,Female,1995-03-16,,,,
0444-IEOLO,2021-05-28,Organic,2022-05-28,Premium,Annual,2021-08-01,Too expensive,22.77,2259,77,1,prisha,India,Punjab,Female,2002-03-02,,,,
0445-UVQGO,2019-11-10,Organic,2019-12-10,Premium,Monthly,,,26.11,1467,43,0,riya,India,Maharashtra,Female,1984-08-15,,,,
0446-JGXHN,2020-07-17,Organic,2020-08-16,Premium,Monthly,2020-10-02,Switched to competitor,20.36,1411,99,1,om,India,Punjab,Male,1999-07-24,2020-09-13 00:00:00,N,41.0,2.0
0447-KMQFK,2022-09-12,Refferal,2022-10-12,Basic,Monthly,,,12.85,327,42,0,divya,India,Rajasthan,Female,1978-05-27,,,,
0448-ANGDP,2019-08-24,Organic,2019-09-23,Standard,Monthly,,,14.68,585,63,0,manish,India,Meghalaya,Male,1974-09-14,2020-02-26 00:00:00,N,58.0,2.0
0449-TMNKF,2020-09-30,Organic,2020-10-30,Premium,Monthly,,,27.8,2067,20,0,advik,India,Gujarat,Male,1982-08-16,,,,
0450-QPLOJ,2020-08-24,Refferal,2021-08-24,Standard,Annual,,,14.14,684,30,0,suresh,India,Karnataka,Male,1987-12-10,,,,
0451-JBRJU,2022-03-08,Paid,2022-04-07,Premium,Monthly,,,21.05,1634,9,0,aarav,India,Maharashtra,Male,1997-02-26,,,,
0452-SYURO,2021-10-18,Organic,2022-10-18,Standard,Annual,2022-05-17,Too expensive,14.59,963,80,1,kiran,India,West Bengal,Female,1973-11-21,2022-03-19 00:00:00,N,39.0,3.0
0453-QBCUS,2021-10-08,Refferal,2021-11-07,Standard,Monthly,,,15.48,965,44,0,pooja,India,Punjab,Female,1968-07-30,,,,
0454-DJQAB,2020-04-08,Organic,2020-05-08,Basic,Monthly,,,11.33,565,60,0,krishna,India,West Bengal,Male,2003-08-22,,,,
0455-ARBWB,2020-07-06,Refferal,2020-08-05,Basic,Monthly,2020-10-04,Forgot to cancel trial,10.49,211,97,1,dhruv,India,West Bengal,Male,1995-11-10,,,,
0456-KLDNP,2022-12-27,Organic,2023-12-27,Premium,Annual,,,33.36,2525,16,0,khushi,India,Madhya Pradesh,Female,1975-02-18,,,,
0457-BMFRM,2023-04-09,Refferal,2024-04-08,Standard,Annual,2023-06-17,Too expensive,17.53,1171,86,1,prisha,India,West Bengal,Female,1974-05-12,2023-07-25 00:00:00,Y,27.0,2.0
0458-EHWQD,2022-09-17,Refferal,2023-09-17,Standard,Annual,2023-01-18,Too expensive,15.32,1063,83,1,ayan,India,Bihar,Male,1973-05-23,2022-10-05 00:00:00,N,33.0,2.0
0459-HKPNM,2024-01-08,Organic,2025-01-07,Basic,Annual,,,7.39,201,59,0,diya,India,Uttar Pradesh,Female,1969-12-25,,,,
0460-SKCTW,2020-08-12,Refferal,2020-09-11,Basic,Monthly,,,8.1,508,50,0,nisha,India,Telangana,Female,1980-08-05,2020-10-17 00:00:00,Y,83.0,3.0
0461-LAZWE,2021-08-25,Organic,2021-09-24,Basic,Monthly,,,10.39,298,36,0,vijay,India,Madhya Pradesh,Male,1991-02-28,,,,
0462-TUCUI,2021-07-28,Organic,2022-07-28,Standard,Annual,,,17.54,1030,57,0,sneha,Nepal,Pokhara,Female,1994-10-05,,,,
0463-VMHNQ,2022-03-28,Refferal,2023-03-28,Standard,Annual,2022-06-06,Not enough content,15.02,591,82,1,amit,India,Meghalaya,Male,1981-01-09,,,,
0464-XLYNG,2022-04-01,Refferal,2023-04-01,Premium,Annual,,,21.96,2360,53,0,priya,India,Haryana,Female,1977-05-24,2022-04-08 00:00:00,N,83.0,1.0
0465-MDZQR,2020-08-02,Refferal,2020-09-01,Basic,Monthly,,,9.92,152,45,0,nisha,India,Tamil Nadu,Female,1965-09-13,,,,
0466-BDWUN,2024-02-24,Organic,2025-02-23,Basic,Annual,2024-09-23,Poor streaming quality,7.18,331,91,1,sai,India,Meghalaya,Male,1997-11-19,,,,
0467-XXPEL,2020-02-13,Paid,2021-02-12,Basic,Annual,,,8.77,471,14,0,aditi,India,Telangana,Female,1976-03-20,,,,
0468-WLDLI,2021-08-02,Organic,2021-09-01,Standard,Monthly,,,14.43,643,22,0,swati,India,Bihar,Female,1983-11-12,,,,
0469-PJQXW,2023-11-27,Refferal,2024-11-26,Basic,Annual,,,7.5,288,44,0,vikram,India,Maharashtra,Male,1985-10-05,2024-06-08 00:00:00,N,72.0,3.0
0470-SNOZD,2019-08-23,Organic,2019-09-22,Basic,Monthly,,,10.61,211,18,0,dhruv,India,Maharashtra,Male,2001-02-20,2019-09-11 00:00:00,N,59.0,2.0
0471-MEGWG,2023-08-04,Refferal,2023-09-03,Basic,Monthly,,,10.06,508,33,0,ritu,India,Meghalaya,Female,1993-07-16,,,,
0472-HCPJH,2019-09-04,Refferal,2020-09-03,Basic,Annual,,,10.47,167,60,0,diya,India,Haryana,Female,1971-08-25,,,,
0473-LXJDW,2020-03-07,Paid,2021-03-07,Premium,Annual,,,20.99,1920,39,0,khushi,India,Rajasthan,Female,1981-01-18,2020-06-20 00:00:00,Y,93.0,3.0
0474-OYUND,2019-05-19,Organic,2019-06-18,Premium,Monthly,,,22.54,1417,46,0,aditi,Nepal,Pokhara,Female,1991-03-22,,,,
0475-TZVTG,2019-08-23,Organic,2019-09-22,Standard,Monthly,,,17.81,1121,4,0,om,India,Haryana,Male,1967-11-21,,,,
0476-ISJZO,2023-02-28,Organic,2024-02-28,Premium,Annual,2023-05-03,Too expensive,32.93,2392,91,1,advik,India,Bihar,Male,1995-06-15,2023-03-06 00:00:00,N,36.0,1.0
0477-WIRYS,2024-01-17,Refferal,2024-02-16,Basic,Monthly,,,9.62,470,7,0,prisha,India,Madhya Pradesh,Female,1987-06-20,,,,
0478-DNCMB,2019-05-20,Organic,2020-05-19,Basic,Annual,,,10.2,273,62,0,ananya,India,Tamil Nadu,Female,2002-02-24,,,,
0479-IQOXP,2019-10-13,Organic,2020-10-12,Premium,Annual,2019-11-15,Not enough content,34.59,2210,88,1,ananya,India,Haryana,Female,1976-09-14,,,,
0480-PPCOY,2021-06-02,Paid,2022-06-02,Basic,Annual,2021-09-25,Forgot to cancel trial,7.12,178,95,1,pari,India,Madhya Pradesh,Female,1987-10-09,2021-12-12 00:00:00,Y,40.0,3.0
0481-LXZJF,2023-03-11,Refferal,2023-04-10,Basic,Monthly,,,12.23,277,7,0,anika,India,Delhi,Female,1991-05-28,2023-08-17 00:00:00,N,55.0,2.0
0482-DKRRB,2020-03-27,Paid,2021-03-27,Standard,Annual,,,17.89,799,18,0,sunil,India,Kerala,Male,2005-04-07,,,,
0483-GSNBX,2020-04-17,Paid,2020-05-17,Basic,Monthly,,,9.22,567,5,0,khushi,India,Meghalaya,Female,2002-09-29,,,,
0484-SQLCM,2019-06-23,Organic,2020-06-22,Premium,Annual,2020-01-18,Too expensive,85.74,2109,76,1,anay,India,Punjab,Male,1978-06-23,2020-01-06 00:00:00,N,11.0,3.0
0485-SQWUY,2021-12-31,Paid,2022-12-31,Premium,Annual,2022-09-11,Too expensive,31.5,1732,82,1,reyansh,India,Tamil Nadu,Male,2003-07-06,2022-03-17 00:00:00,N,27.0,1.0
0486-ZUHOB,2019-01-26,Organic,2020-01-26,Premium,Annual,,,30.56,1566,4,0,sunita,India,Gujarat,Female,2000-02-06,,,,
0487-MZMVF,2024-05-06,Organic,2025-05-06,Basic,Annual,,,8.54,552,58,0,sanjay,India,Gujarat,Male,2005-03-29,,,,
0488-FEWRG,2023-01-09,Organic,2023-02-08,Premium,Monthly,,,35.86,1233,57,0,atharva,India,Bihar,Male,1991-01-05,,,,
0489-OBGCN,2019-05-27,Refferal,2020-05-26,Standard,Annual,,,14.71,834,26,0,rajesh,India,Telangana,Male,1979-08-13,2019-11-14 00:00:00,N,100.0,2.0
0490-HDPCF,2024-04-08,Organic,2025-04-08,Premium,Annual,,,20.51,1980,44,0,shalini,India,Odisha,Female,2000-02-23,2024-06-09 00:00:00,N,76.0,1.0
0491-TODWU,2020-08-23,Organic,2021-08-23,Basic,Annual,2020-11-05,Too expensive,11.78,335,80,1,preeti,India,West Bengal,Female,1977-01-28,,,,
0492-KCOBJ,2024-03-10,Refferal,2024-04-09,Standard,Monthly,2024-08-18,Not enough content,17.36,1181,78,1,isha,India,Haryana,Female,1975-04-23,2024-06-27 00:00:00,N,19.0,1.0
0493-QUXWA,2023-09-04,Paid,2023-10-04,Premium,Monthly,,,22.66,2254,61,0,amit,India,Madhya Pradesh,Male,1998-04-28,,,,
0494-KDSGH,2024-04-29,Paid,2025-04-29,Premium,Annual,,,27.19,1792,47,0,priya,India,Nagaland,Female,1997-05-25,2024-11-05 00:00:00,N,98.0,1.0
0495-CXPJQ,2020-04-20,Paid,2021-04-20,Standard,Annual,,,14.23,1030,40,0,pooja,India,Odisha,Female,1997-05-30,,,,
0496-YHJTY,2020-10-05,Organic,2021-10-05,Standard,Annual,,,14.82,794,31,0,om,India,Odisha,Male,1977-06-25,2020-12-22 00:00:00,N,56.0,1.0
0497-YRDFV,2019-01-14,Paid,2019-02-13,Standard,Monthly,,,15.01,1084,31,0,vivaan,India,Karnataka,Male,2004-12-14,,,,
0498-VHCSV,2023-02-07,Refferal,2023-03-09,Standard,Monthly,,,18.01,727,23,0,kiran,India,Delhi,Female,2003-10-13,2023-08-03 00:00:00,N,85.0,2.0
0499-XACSN,2019-10-08,Refferal,2020-10-07,Basic,Annual,,,11.03,285,34,0,anand,India,Karnataka,Male,1993-06-18,,,,
0500-THFWY,2019-03-21,Paid,2020-03-20,Premium,Annual,,,26.07,2506,36,0,aarav,India,Madhya Pradesh,Male,1990-01-07,,,,
0501-EHGHM,2024-05-26,Paid,2025-05-26,Standard,Annual,,,15.62,1178,14,0,isha,India,Madhya Pradesh,Female,1978-04-03,,,,
0502-ICSSU,2020-03-16,Paid,2020-04-15,Premium,Monthly,,,32.34,1850,54,0,nisha,India,Uttar Pradesh,Female,1966-04-20,,,,
0503-KXGSI,2022-01-02,Organic,2022-02-01,Premium,Monthly,2022-01-27,Poor streaming quality,29.76,2305,93,1,dhruv,India,Uttar Pradesh,Male,1990-09-06,2022-06-23 00:00:00,Y,23.0,3.0
0504-KSHEJ,2023-03-27,Refferal,2023-04-26,Premium,Monthly,,,26.36,1521,4,0,riya,India,Uttar Pradesh,Female,1965-08-12,2023-07-06 00:00:00,N,48.0,3.0
0505-ATOXC,2023-03-03,Organic,2024-03-02,Standard,Annual,,,16.28,602,44,0,prisha,India,Tamil Nadu,Female,2000-03-15,,,,
0506-JLFKH,2023-01-30,Paid,2024-01-30,Premium,Annual,,,31.42,2383,28,0,richa,India,Punjab,Female,1965-10-10,,,,
0507-LMCID,2022-04-30,Organic,2022-05-30,Basic,Monthly,,,9.41,579,49,0,reyansh,India,Telangana,Male,2003-10-18,,,,
0508-TBMKT,2023-03-27,Refferal,2024-03-26,Premium,Annual,,,27.99,1682,48,0,aditya,India,Haryana,Male,2004-02-03,,,,
0509-OTTXL,2019-12-07,Organic,2020-12-06,Basic,Annual,,,7.22,367,43,0,siddharth,India,Maharashtra,Male,1972-04-09,,,,
0510-MTOKH,2022-02-28,Refferal,2022-03-30,Basic,Monthly,2022-09-21,Forgot to cancel trial,8.73,500,89,1,shruti,India,Gujarat,Female,1988-06-09,2022-05-28 00:00:00,N,18.0,1.0
0511-NVAKD,2021-07-28,Paid,2021-08-27,Basic,Monthly,2021-12-05,Not enough content,10.74,454,81,1,aarav,India,Telangana,Male,1973-12-09,,,,
0512-HVWPH,2023-02-05,Organic,2024-02-05,Basic,Annual,2023-09-04,Not enough content,8.57,202,86,1,kavya,India,Telangana,Female,1968-06-23,,,,
0513-PZTQX,2019-10-28,Organic,2019-11-27,Standard,Monthly,2020-01-21,Forgot to cancel trial,18.36,831,71,1,shaurya,India,Uttar Pradesh,Male,1974-09-17,2020-03-24 00:00:00,N,34.0,2.0
0514-JVICP,2022-02-21,Paid,2023-02-21,Premium,Annual,,,32.61,2342,44,0,shaurya,India,Gujarat,Male,1996-11-28,2022-05-30 00:00:00,N,89.0,1.0
0515-SFOZY,2020-02-04,Organic,2021-02-03,Standard,Annual,,,14.46,877,35,0,sunita,India,Maharashtra,Female,1973-10-14,,,,
0516-PAHMB,2021-08-22,Refferal,2022-08-22,Standard,Annual,,,14.86,1163,54,0,khushi,India,Maharashtra,Female,2003-09-21,2022-02-23 00:00:00,N,95.0,2.0
0517-CVDLS,2023-02-19,Organic,2024-02-19,Premium,Annual,2023-09-09,Forgot to cancel trial,33.56,2652,88,1,diya,India,Gujarat,Female,2003-03-31,2023-08-29 00:00:00,Y,21.0,3.0
0518-BPRKQ,2023-09-09,Refferal,2023-10-09,Premium,Monthly,2023-12-28,Not enough content,34.87,1385,72,1,dhruv,India,Kerala,Male,1970-04-13,,,,
0519-TUFJC,2019-09-29,Paid,2019-10-29,Standard,Monthly,,,17.52,682,39,0,dhruv,India,Telangana,Male,1998-07-12,2019-11-21 00:00:00,Y,52.0,1.0
0520-ZGLCJ,2022-11-08,Organic,2022-12-08,Premium,Monthly,,,26.16,1631,30,0,sneha,India,Odisha,Female,1985-03-04,2023-04-03 00:00:00,N,90.0,3.0
0521-FGXNQ,2024-01-20,Organic,2025-01-19,Premium,Annual,2024-07-24,Not enough content,21.66,1216,85,1,sara,India,West Bengal,Female,1981-09-13,2024-08-04 00:00:00,Y,39.0,2.0
0522-TMGSP,2024-03-13,Refferal,2024-04-12,Standard,Monthly,,,16.12,775,28,0,meena,India,Uttar Pradesh,Female,1999-03-27,,,,
0523-EEHPS,2019-07-05,Paid,2019-08-04,Standard,Monthly,,,16.28,669,45,0,vikas,India,Meghalaya,Male,1994-10-05,2019-09-25 00:00:00,N,51.0,1.0
0524-WLSEO,2022-12-02,Organic,2023-12-02,Premium,Annual,,,26.01,1697,9,0,aadhya,India,Kerala,Female,1969-06-25,,,,
0525-IYKIH,2019-02-25,Organic,2019-03-27,Basic,Monthly,,,9.2,324,3,0,isha,India,Delhi,Female,1980-07-24,,,,
0526-TXQDE,2019-11-05,Paid,2020-11-04,Standard,Annual,2020-02-19,Too expensive,17.37,992,83,1,dhruv,India,West Bengal,Male,1982-03-25,2020-03-08 00:00:00,N,32.0,1.0
0527-RKUED,2020-09-12,Paid,2021-09-12,Premium,Annual,,,30.14,2122,52,0,swati,India,Punjab,Female,1983-12-14,,,,
0528-INJUZ,2021-11-20,Refferal,2022-11-20,Standard,Annual,2022-08-12,Poor streaming quality,14.23,788,97,1,angel,India,West Bengal,Female,1996-09-27,,,,
0529-RGIHV,2022-07-26,Organic,2022-08-25,Standard,Monthly,,,17.65,1044,18,0,anvi,India,Haryana,Female,1965-10-15,2023-01-23 00:00:00,N,98.0,3.0
0530-OBIAP,2023-03-15,Paid,2024-03-14,Standard,Annual,,,14.1,763,50,0,siddharth,India,Delhi,Male,1980-02-26,,,,
0531-VLDEG,2021-02-05,Refferal,2022-02-05,Basic,Annual,,,11.55,373,47,0,ritu,India,Uttar Pradesh,Female,1996-02-22,,,,
0532-HRPXR,2020-07-16,Paid,2021-07-16,Premium,Annual,2021-01-13,Too expensive,32.63,1398,70,1,aadhya,India,Maharashtra,Female,2000-01-31,2021-01-23 00:00:00,N,39.0,2.0
0533-MOIIV,2022-10-10,Paid,2023-10-10,Standard,Annual,,,14.15,1085,43,0,ramesh,India,Madhya Pradesh,Male,1974-06-14,,,,
0534-ZCTNH,2022-07-02,Paid,2023-07-02,Standard,Annual,,,18.97,523,21,0,divya,India,Maharashtra,Female,1971-12-30,,,,
0535-MGXDP,2023-11-07,Organic,2024-11-06,Premium,Annual,,,26.53,2056,20,0,reyansh,India,Telangana,Male,1969-12-18,2024-04-21 00:00:00,Y,96.0,2.0
0536-WMMVL,2022-10-31,Organic,2023-10-31,Premium,Annual,2023-03-09,Too expensive,30.44,2040,70,1,vikram,India,West Bengal,Male,1999-03-23,2023-04-07 00:00:00,N,36.0,1.0
0537-IGOMC,2023-10-08,Organic,2024-10-07,Standard,Annual,2024-02-02,Not enough content,17.61,745,99,1,ananya,India,Punjab,Female,1989-10-06,2023-10-20 00:00:00,Y,39.0,1.0
0538-GPZUZ,2019-01-15,Refferal,2019-02-14,Premium,Monthly,,,30.82,2162,7,0,vijay,India,Rajasthan,Male,1975-12-26,,,,
0539-YWNSP,2023-08-24,Refferal,2023-09-23,Standard,Monthly,,,15.99,1023,31,0,suresh,India,Karnataka,Male,1978-02-21,,,,
0540-DDGVT,2023-06-18,Paid,2023-07-18,Standard,Monthly,,,14.48,1157,32,0,om,India,Haryana,Male,1994-06-14,,,,
0541-MGGHL,2020-08-13,Organic,2020-09-12,Standard,Monthly,,,16.81,798,48,0,kavya,India,Karnataka,Female,1999-02-25,2020-11-04 00:00:00,N,68.0,3.0
0542-GFWPD,2021-11-24,Paid,2022-11-24,Premium,Annual,2022-08-22,Not enough content,34.39,2518,97,1,kabir,India,Odisha,Male,1998-06-10,2022-05-13 00:00:00,Y,43.0,2.0
0543-RBFFD,2023-09-17,Refferal,2023-10-17,Premium,Monthly,,,23.23,2016,63,0,harsh,India,Madhya Pradesh,Male,1985-08-09,2023-11-30 00:00:00,N,74.0,1.0
0544-WZBOG,2019-12-30,Organic,2020-12-29,Premium,Annual,,,24.43,2701,7,0,anvi,India,Uttar Pradesh,Female,1975-03-31,,,,
0545-DHFGT,2019-05-30,Organic,2020-05-29,Basic,Annual,2019-10-02,Forgot to cancel trial,9.64,393,87,1,swati,India,Karnataka,Female,1979-04-22,2019-11-15 00:00:00,Y,39.0,3.0
0546-QIMHQ,2022-07-05,Paid,2022-08-04,Basic,Monthly,,,9.92,313,35,0,richa,India,Gujarat,Female,1995-05-29,,,,
0547-EBLHY,2023-04-12,Organic,2023-05-12,Standard,Monthly,,,16.5,827,33,0,priya,India,Rajasthan,Female,1973-09-07,2023-09-20 00:00:00,Y,83.0,2.0
0548-UWPEY,2021-08-24,Paid,2022-08-24,Basic,Annual,,,8.83,522,50,0,isha,India,Gujarat,Female,1975-04-06,2021-12-15 00:00:00,N,88.0,2.0
0549-ZJUZT,2019-02-18,Paid,2020-02-18,Standard,Annual,,,15.62,1073,54,0,parth,India,Gujarat,Male,1978-03-23,2019-08-26 00:00:00,N,100.0,3.0
0550-UKYSG,2024-03-06,Paid,2024-04-05,Standard,Monthly,,,14.66,575,52,0,anika,India,West Bengal,Female,1977-05-20,,,,
0551-VWPOO,2022-11-13,Organic,2022-12-13,Basic,Monthly,,,12.21,508,23,0,saanvi,India,Gujarat,Female,1989-12-21,,,,
0552-JUTFI,2020-06-14,Paid,2020-07-14,Basic,Monthly,,,7.71,360,54,0,ramesh,India,Telangana,Male,1995-05-26,,,,
0553-BNXNA,2022-03-23,Paid,2022-04-22,Premium,Monthly,,,21.2,2343,37,0,pari,Nepal,Pokhara,Female,2000-06-11,2022-10-06 00:00:00,Y,83.0,3.0
0554-QBQIN,2019-02-08,Organic,2019-03-10,Standard,Monthly,,,16.13,765,40,0,ananya,India,Tamil Nadu,Female,1965-04-15,,,,
0555-ILRUO,2019-02-23,Refferal,2019-03-25,Basic,Monthly,,,10.23,185,23,0,tanvi,India,Meghalaya,Female,1974-04-01,,,,
0556-RFEZG,2021-02-07,Organic,2022-02-07,Premium,Annual,,,33.66,1300,28,0,karan,India,Bihar,Male,1970-07-11,2021-07-13 00:00:00,N,45.0,2.0
0557-DTDMP,2020-06-06,Refferal,2020-07-06,Standard,Monthly,,,14.07,889,28,0,aarti,India,Delhi,Female,2000-11-16,,,,
0558-CJIBY,2023-11-29,Paid,2023-12-29,Standard,Monthly,2024-04-19,Too expensive,17.64,831,97,1,aalia,Nepal,Kathmandu,Female,1994-03-06,2024-01-08 00:00:00,N,12.0,1.0
0559-PFTHQ,2023-07-18,Refferal,2023-08-17,Standard,Monthly,,,18.39,612,4,0,amit,India,Odisha,Male,1971-10-17,,,,
0560-HQXGI,2019-10-23,Paid,2019-11-22,Premium,Monthly,2019-11-14,Not enough content,26.02,2275,73,1,ranveer,India,Madhya Pradesh,Male,1966-07-15,2019-11-25 00:00:00,N,39.0,1.0
0561-WNDPQ,2021-01-18,Refferal,2021-02-17,Standard,Monthly,2021-10-23,Too expensive,16.45,1084,77,1,shweta,India,Gujarat,Female,1970-10-02,2021-06-29 00:00:00,Y,24.0,3.0
0562-SMPNZ,2023-03-12,Paid,2023-04-11,Basic,Monthly,2023-07-26,Too expensive,12.87,157,71,1,sara,India,Kerala,Female,1994-08-30,2023-07-18 00:00:00,N,22.0,2.0
0563-ODHTY,2022-09-30,Paid,2023-09-30,Basic,Annual,,,11.68,368,64,0,anvi,India,Madhya Pradesh,Female,1999-08-19,,,,
0564-CZVDS,2019-06-19,Refferal,2019-07-19,Standard,Monthly,2019-10-25,Switched to competitor,18.09,1023,96,1,karan,India,Haryana,Male,1989-10-27,2019-11-09 00:00:00,Y,43.0,3.0
0565-JCEQQ,2024-05-18,Paid,2025-05-18,Standard,Annual,,,18.49,931,32,0,alok,India,Haryana,Male,2003-07-03,2024-11-10 00:00:00,N,99.0,3.0
0566-MEZZZ,2019-05-25,Organic,2020-05-24,Basic,Annual,,,12.35,213,40,0,ahana,India,Punjab,Female,1991-07-13,,,,
0567-DLRTA,2020-04-20,Refferal,2021-04-20,Standard,Annual,,,18.1,1054,32,0,manish,India,Nagaland,Male,1999-08-13,2020-10-02 00:00:00,N,77.0,3.0
0568-WRUTF,2020-05-09,Refferal,2021-05-09,Premium,Annual,2020-10-14,Not enough content,35.4,2506,94,1,sai,Nepal,Lalitpur,Male,1991-11-15,,,,
0569-IRGJA,2019-08-01,Refferal,2020-07-31,Premium,Annual,,,29.7,2442,62,0,saanvi,India,Uttar Pradesh,Female,1991-07-08,,,,
0570-BCVQC,2021-05-13,Paid,2021-06-12,Standard,Monthly,,,17.23,950,39,0,ayan,Nepal,Kathmandu,Male,1981-03-07,,,,
0571-AKUTL,2019-07-22,Paid,2020-07-21,Basic,Annual,,,11.36,584,25,0,pranav,India,Maharashtra,Male,1993-04-14,,,,
0572-IZGLB,2022-08-20,Paid,2023-08-20,Standard,Annual,,,17.89,676,57,0,kavya,India,Rajasthan,Female,1974-05-24,2023-01-29 00:00:00,N,91.0,2.0
0573-QIMEJ,2024-05-18,Organic,2025-05-18,Basic,Annual,,,7.66,447,35,0,nisha,India,Bihar,Female,2005-03-08,,,,
0574-OTNKS,2021-12-27,Paid,2022-12-27,Basic,Annual,,,12.52,203,50,0,sai,India,Punjab,Male,2003-03-25,,,,
0575-XHOCZ,2019-02-23,Paid,2019-03-25,Premium,Monthly,,,35.72,1662,54,0,pari,India,Meghalaya,Female,1994-12-11,2019-05-14 00:00:00,Y,41.0,1.0
0576-VKOOK,2023-07-04,Paid,2024-07-03,Standard,Annual,,,15.81,740,25,0,tanvi,India,Punjab,Female,1998-07-02,2024-01-06 00:00:00,N,60.0,3.0
0577-UPSSQ,2022-04-25,Paid,2022-05-25,Basic,Monthly,,,7.12,379,6,0,ramesh,India,Karnataka,Male,1985-08-24,,,,
0578-MSBJY,2022-12-13,Organic,2023-12-13,Basic,Annual,,,10.96,308,46,0,tanvi,India,Maharashtra,Female,1997-01-04,2023-05-12 00:00:00,N,72.0,1.0
0579-DORIA,2022-06-11,Organic,2023-06-11,Premium,Annual,,,22.57,2431,14,0,parth,India,Nagaland,Male,1999-10-01,,,,
0580-AYSIC,2019-10-11,Paid,2019-11-10,Basic,Monthly,,,8.86,240,59,0,tanvi,India,Punjab,Female,2001-02-08,2019-12-02 00:00:00,Y,52.0,1.0
0581-JQCLC,2019-07-15,Organic,2019-08-14,Premium,Monthly,2020-02-06,Switched to competitor,20.19,1827,98,1,ananya,India,Karnataka,Female,1989-12-28,2019-12-13 00:00:00,Y,38.0,3.0
0582-NVLQY,2021-11-27,Organic,2021-12-27,Standard,Monthly,,,14.96,658,61,0,dhruv,India,Nagaland,Male,1980-08-28,2022-05-19 00:00:00,N,64.0,2.0
0583-GDYMU,2022-09-12,Refferal,2022-10-12,Premium,Monthly,,,21.45,2279,47,0,karan,India,Madhya Pradesh,Male,2001-05-17,,,,
0584-KOFIL,2021-10-01,Organic,2022-10-01,Basic,Annual,,,8.92,397,22,0,aarush,India,Haryana,Male,1983-02-19,,,,
0585-UHRBV,2021-12-30,Organic,2022-01-29,Standard,Monthly,,,15.91,860,6,0,sai,India,Rajasthan,Male,1993-10-02,,,,
0586-RLNWN,2019-05-30,Refferal,2019-06-29,Standard,Monthly,,,15.02,1155,5,0,pranav,India,Rajasthan,Male,2005-01-11,,,,
0587-FRYAG,2021-04-03,Organic,2021-05-03,Basic,Monthly,,,10.58,468,59,0,anvi,Nepal,Kathmandu,Female,1981-09-05,,,,
0588-RSXIY,2023-09-22,Organic,2024-09-21,Standard,Annual,,,16.99,1141,5,0,aarti,India,Haryana,Female,2001-12-11,,,,
0589-LRFQC,2020-06-09,Refferal,2021-06-09,Standard,Annual,,,16.67,791,19,0,navya,India,West Bengal,Female,1972-07-05,2020-09-23 00:00:00,N,96.0,1.0
0590-YOMDZ,2020-01-13,Organic,2020-02-12,Basic,Monthly,,,9.61,339,12,0,shweta,India,Uttar Pradesh,Female,1966-09-16,,,,
0591-TRNZT,2020-05-28,Organic,2021-05-28,Standard,Annual,2020-08-29,Not enough content,14.99,1159,82,1,pari,India,Meghalaya,Female,1980-04-24,2020-09-22 00:00:00,Y,25.0,3.0
0592-ZBRKN,2022-11-02,Organic,2022-12-02,Standard,Monthly,,,14.01,559,52,0,om,India,Kerala,Male,1966-09-22,,,,
0593-WTAOA,2024-02-08,Refferal,2024-03-09,Premium,Monthly,,,27.84,2503,61,0,tanvi,India,Tamil Nadu,Female,1995-10-04,,,,
0594-LWFHT,2019-10-22,Organic,2020-10-21,Standard,Annual,,,17.54,1054,28,0,kavya,India,Kerala,Female,1998-03-13,2020-02-10 00:00:00,N,68.0,3.0
0595-RDNGS,2021-02-06,Refferal,2022-02-06,Basic,Annual,2021-10-10,Not enough content,9.35,390,90,1,om,India,Kerala,Male,2005-05-22,,,,
0596-WKFIX,2022-03-08,Refferal,2022-04-07,Standard,Monthly,,,18.91,1196,12,0,preeti,India,Bihar,Female,1966-01-26,,,,
0597-OUDIG,2022-10-16,Organic,2022-11-15,Basic,Monthly,,,7.12,591,24,0,sunil,India,Odisha,Male,1997-12-26,,,,
0598-IXFDF,2021-07-03,Paid,2022-07-03,Premium,Annual,2021-10-03,Too expensive,22.79,2350,98,1,rohan,India,West Bengal,Male,1991-03-05,2022-01-03 00:00:00,N,25.0,3.0
0599-TDJJE,2021-07-05,Organic,2022-07-05,Premium,Annual,,,29.06,1374,7,0,sanjay,India,Kerala,Male,1984-10-12,2021-12-19 00:00:00,N,85.0,3.0
0600-JZMQP,2024-01-26,Organic,2025-01-25,Standard,Annual,,,18.52,553,47,0,rohan,India,Telangana,Male,1988-01-12,2024-07-17 00:00:00,Y,75.0,2.0
0601-DZQTA,2022-11-28,Paid,2023-11-28,Standard,Annual,,,18.01,934,24,0,prisha,India,Punjab,Female,1982-06-04,2023-06-05 00:00:00,Y,52.0,2.0
0602-XCRIN,2019-05-14,Organic,2019-06-13,Basic,Monthly,,,12.17,154,50,0,vivaan,India,Nagaland,Male,1975-11-25,,,,
0603-WQEQW,2020-02-13,Refferal,2020-03-14,Basic,Monthly,2020-06-26,Too expensive,7.54,196,95,1,priya,India,Nagaland,Female,1992-06-24,2020-05-27 00:00:00,N,43.0,1.0
0604-MFZPE,2019-06-12,Organic,2019-07-12,Standard,Monthly,,,14.71,1055,15,0,aditi,India,Karnataka,Female,1984-11-07,,,,
0605-SBEIZ,2020-03-22,Paid,2021-03-22,Standard,Annual,2020-08-12,Not enough content,17.67,1043,98,1,vikram,India,Tamil Nadu,Male,1991-12-26,2020-07-31 00:00:00,N,13.0,1.0
0606-CTSAT,2022-03-11,Paid,2023-03-11,Standard,Annual,,,15.78,991,22,0,rudra,India,Kerala,Male,1996-04-25,,,,
0607-IZEPB,2023-09-30,Paid,2024-09-29,Standard,Annual,,,16.25,645,27,0,aarti,India,Bihar,Female,1979-07-21,,,,
0608-ADIZQ,2020-03-20,Organic,2020-04-19,Standard,Monthly,,,16.35,777,4,0,sunita,India,Rajasthan,Female,1971-10-11,,,,
0609-EVWHE,2019-05-03,Paid,2019-06-02,Basic,Monthly,,,12.71,511,21,0,kiran,India,Rajasthan,Female,1986-11-11,2019-09-11 00:00:00,N,66.0,3.0
0610-PPNIJ,2021-05-04,Organic,2021-06-03,Standard,Monthly,,,17.43,820,60,0,rohan,India,Madhya Pradesh,Male,1967-11-01,,,,
0611-UOPIF,2023-07-24,Organic,2024-07-23,Premium,Annual,,,87.66,1395,12,0,rudra,India,Uttar Pradesh,Male,1996-10-06,,,,
0612-CMPXY,2022-12-28,Organic,2023-12-28,Basic,Annual,,,9.83,264,23,0,navya,India,Telangana,Female,2000-06-30,,,,
0613-QOUYM,2020-01-21,Refferal,2020-02-20,Standard,Monthly,,,17.66,699,35,0,isha,India,Telangana,Female,2001-12-20,2020-05-13 00:00:00,N,94.0,2.0
0614-AQTCM,2019-08-09,Paid,2020-08-08,Standard,Annual,,,14.98,1121,13,0,suresh,India,Rajasthan,Male,1991-08-22,,,,
0615-IABIM,2022-08-16,Paid,2023-08-16,Basic,Annual,,,8.95,578,44,0,rudra,India,Punjab,Male,1989-09-05,2023-03-02 00:00:00,N,96.0,3.0
0616-DNYGT,2022-01-21,Organic,2023-01-21,Premium,Annual,,,32.63,2322,55,0,priya,India,West Bengal,Female,1998-09-06,2022-02-24 00:00:00,N,95.0,1.0
0617-FBRAQ,2024-05-08,Organic,2025-05-08,Standard,Annual,,,15.93,1149,4,0,deepak,India,Uttar Pradesh,Male,1999-01-10,,,,
0618-HASKB,2022-12-08,Organic,2023-12-08,Premium,Annual,2023-05-16,Not enough content,34.37,1635,70,1,sanjay,India,Uttar Pradesh,Male,1991-02-21,2023-02-02 00:00:00,N,26.0,1.0
0619-FXKQL,2020-02-24,Organic,2020-03-25,Basic,Monthly,,,9.31,204,58,0,isha,Nepal,Lalitpur,Female,1987-12-17,2020-09-04 00:00:00,N,93.0,3.0
0620-FAAVW,2022-05-17,Organic,2023-05-17,Standard,Annual,,,16.79,792,45,0,sunil,India,Punjab,Male,1997-04-18,,,,
0621-GQWWQ,2024-05-22,Organic,2024-06-21,Basic,Monthly,2024-12-13,Switched to competitor,9.2,480,83,1,anay,India,Tamil Nadu,Male,1984-12-18,2024-08-12 00:00:00,Y,39.0,3.0
0622-ECSLX,2019-11-10,Organic,2019-12-10,Standard,Monthly,2020-07-20,Poor streaming quality,17.38,530,83,1,khushi,India,Madhya Pradesh,Female,1967-11-03,2020-04-10 00:00:00,N,14.0,1.0
0623-SSFGR,2023-09-07,Paid,2024-09-06,Basic,Annual,2023-11-06,Forgot to cancel trial,11.28,530,81,1,kavir,India,Maharashtra,Male,1994-03-02,,,,
0624-OJXSO,2023-04-21,Paid,2023-05-21,Premium,Monthly,,,32.02,2310,64,0,sneha,India,Punjab,Female,1981-09-10,,,,
0625-PXIJM,2023-10-10,Refferal,2023-11-09,Basic,Monthly,2023-12-21,Forgot to cancel trial,11.94,352,83,1,aditya,India,Meghalaya,Male,1991-11-11,2024-04-21 00:00:00,Y,31.0,3.0
0626-YNVFJ,2024-01-08,Organic,2024-02-07,Premium,Monthly,,,32.79,1347,22,0,diya,India,Bihar,Female,1971-12-27,2024-03-30 00:00:00,N,74.0,2.0
0627-DEUBG,2020-12-03,Paid,2021-12-03,Basic,Annual,,,8.81,467,33,0,rahul,India,Punjab,Male,1965-06-23,,,,
0628-PRZMJ,2021-05-15,Refferal,2022-05-15,Premium,Annual,,,80.58,2198,8,0,shweta,India,Punjab,Female,1998-10-10,,,,
0629-OCSSX,2019-03-12,Paid,2020-03-11,Premium,Annual,,,32.42,1643,9,0,anita,India,Uttar Pradesh,Female,1992-01-29,2019-08-15 00:00:00,N,89.0,1.0
0630-YLNMS,2021-10-02,Organic,2022-10-02,Standard,Annual,,,18.26,540,24,0,richa,India,Karnataka,Female,1976-05-11,,,,
0631-RZBMG,2023-11-08,Refferal,2024-11-07,Basic,Annual,,,11.27,563,61,0,anvi,India,Karnataka,Female,1978-07-24,2023-12-18 00:00:00,Y,100.0,1.0
0632-LJSAN,2022-12-08,Paid,2023-01-07,Basic,Monthly,,,7.51,599,25,0,richa,India,Madhya Pradesh,Female,1966-07-04,,,,
0633-NGYDA,2021-02-03,Refferal,2022-02-03,Standard,Annual,2021-04-18,Forgot to cancel trial,14.32,1172,83,1,vikas,India,Telangana,Male,1985-01-04,2021-03-17 00:00:00,N,35.0,1.0
0634-JNANG,2023-10-29,Paid,2023-11-28,Basic,Monthly,,,10.97,394,9,0,dhruv,India,Meghalaya,Male,1979-05-03,2024-04-13 00:00:00,N,94.0,3.0
0635-NZOGT,2019-03-29,Paid,2020-03-28,Basic,Annual,,,8.15,521,28,0,aalia,India,Haryana,Female,1967-09-05,,,,
0636-VFXMY,2021-06-05,Refferal,2021-07-05,Standard,Monthly,,,14.32,586,52,0,ahana,India,Odisha,Female,1977-11-26,2021-10-06 00:00:00,N,98.0,3.0
0637-XWMMT,2022-07-17,Organic,2023-07-17,Premium,Annual,,,24.28,1791,17,0,deepak,India,Madhya Pradesh,Male,1980-05-12,2022-09-21 00:00:00,N,62.0,2.0
0638-HPREP,2020-02-23,Paid,2020-03-24,Basic,Monthly,,,11.34,598,18,0,dev,India,Kerala,Male,1996-12-19,2020-07-22 00:00:00,N,61.0,3.0
0639-GBDJO,2022-04-10,Paid,2023-04-10,Basic,Annual,,,8.58,368,34,0,aadhya,India,Gujarat,Female,1987-03-17,,,,
0640-MKDEJ,2019-09-18,Organic,2020-09-17,Basic,Annual,,,7.23,488,3,0,aditya,India,Gujarat,Male,1969-10-27,2020-03-25 00:00:00,Y,67.0,3.0
0641-APTEZ,2020-07-06,Paid,2020-08-05,Basic,Monthly,2020-10-13,Too expensive,8.47,358,84,1,riya,India,Maharashtra,Female,1972-03-12,2020-09-10 00:00:00,N,37.0,1.0
0642-LGWKL,2020-02-25,Refferal,2021-02-24,Standard,Annual,,,17.94,1036,4,0,siddharth,India,Punjab,Male,1966-01-13,,,,
0643-QVPJS,2020-07-15,Organic,2021-07-15,Basic,Annual,,,9.27,599,4,0,ahana,India,Telangana,Female,1974-10-11,,,,
0644-OQBSA,2024-02-06,Paid,2024-03-07,Standard,Monthly,,,15.26,734,61,0,sunita,India,Madhya Pradesh,Female,1984-07-28,,,,
0645-MEWQP,2019-07-04,Refferal,2019-08-03,Basic,Monthly,2020-04-12,Not enough content,10.68,433,72,1,aditya,Nepal,Pokhara,Male,1967-02-26,2019-10-21 00:00:00,N,43.0,2.0
0646-GCBRU,2023-07-13,Organic,2023-08-12,Basic,Monthly,,,11.63,287,14,0,aarush,India,Haryana,Male,2005-02-22,,,,
0647-UOJEN,2021-11-17,Organic,2021-12-17,Standard,Monthly,,,14.66,549,57,0,kavir,India,West Bengal,Male,2003-05-16,2022-05-23 00:00:00,Y,80.0,3.0
0648-BJALU,2020-12-25,Refferal,2021-12-25,Standard,Annual,2021-09-21,Too expensive,16.61,917,97,1,sonal,India,Punjab,Female,2004-11-13,2021-04-06 00:00:00,N,33.0,3.0
0649-LQDWU,2024-01-25,Paid,2025-01-24,Standard,Annual,,,15.99,976,16,0,harsh,India,Punjab,Male,1975-12-20,,,,
0650-KBYXX,2019-06-09,Refferal,2020-06-08,Standard,Annual,,,18.1,1064,62,0,sunita,India,Bihar,Female,2005-10-17,,,,
0651-WBIIN,2022-07-15,Refferal,2023-07-15,Basic,Annual,,,9.68,321,32,0,reyansh,India,Gujarat,Male,1967-09-09,2022-12-16 00:00:00,Y,68.0,2.0
0652-LNROT,2023-02-07,Refferal,2024-02-07,Basic,Annual,2023-07-13,Poor streaming quality,7.84,250,82,1,ishaan,India,Punjab,Male,1979-10-24,2023-04-30 00:00:00,Y,18.0,1.0
0653-KFUWL,2020-06-27,Refferal,2021-06-27,Basic,Annual,,,8.3,234,34,0,riya,India,Delhi,Female,1972-05-01,2020-11-19 00:00:00,N,92.0,3.0
0654-QIERS,2021-06-07,Paid,2022-06-07,Standard,Annual,,,18.69,807,49,0,isha,India,Uttar Pradesh,Female,1975-02-24,,,,
0655-BPUGV,2024-03-11,Organic,2025-03-11,Standard,Annual,,,17.7,929,22,0,advaith,India,Uttar Pradesh,Male,1985-10-30,2024-08-22 00:00:00,N,99.0,1.0
0656-UYBKL,2021-09-23,Paid,2022-09-23,Premium,Annual,,,23.41,1681,42,0,shweta,Nepal,Pokhara,Female,1981-08-13,,,,
0657-IPPWC,2024-03-28,Refferal,2024-04-27,Basic,Monthly,2024-10-16,Not enough content,7.0,240,79,1,aarav,India,Haryana,Male,1987-02-06,2024-06-20 00:00:00,N,12.0,1.0
0658-ZPVEE,2019-05-27,Refferal,2020-05-26,Basic,Annual,,,7.38,460,13,0,nisha,India,Tamil Nadu,Female,1992-08-10,,,,
0659-SCPRA,2020-09-19,Paid,2021-09-19,Standard,Annual,,,18.02,740,57,0,ahana,India,Bihar,Female,1981-02-03,2020-11-16 00:00:00,Y,49.0,2.0
0660-DZDSH,2023-02-02,Refferal,2024-02-02,Premium,Annual,,,23.35,1269,28,0,pooja,India,Madhya Pradesh,Female,1984-07-12,2023-02-19 00:00:00,Y,94.0,1.0
0661-KVMZU,2021-05-14,Refferal,2022-05-14,Premium,Annual,,,33.88,1536,29,0,divya,India,West Bengal,Female,1998-06-07,2021-09-27 00:00:00,N,57.0,2.0
0662-SKUQS,2021-10-23,Organic,2021-11-22,Basic,Monthly,,,8.99,487,50,0,priya,India,Madhya Pradesh,Female,1999-08-12,,,,
0663-NXZPP,2021-07-23,Organic,2022-07-23,Standard,Annual,,,14.08,1103,53,0,pari,India,Tamil Nadu,Female,1989-03-03,2021-11-23 00:00:00,N,78.0,2.0
0664-GXWVR,2020-05-04,Paid,2020-06-03,Standard,Monthly,,,14.23,577,20,0,meena,India,Odisha,Female,1975-04-14,,,,
0665-XYAWT,2020-08-11,Organic,2020-09-10,Standard,Monthly,2020-12-06,Switched to competitor,16.79,836,90,1,isha,India,Madhya Pradesh,Female,1991-01-10,2021-01-31 00:00:00,Y,26.0,3.0
0666-ELSJT,2019-11-15,Organic,2019-12-15,Basic,Monthly,,,7.39,544,63,0,neha,Nepal,Lalitpur,Female,1989-08-12,2019-12-19 00:00:00,N,61.0,1.0
0667-NVNNM,2022-01-21,Paid,2022-02-20,Premium,Monthly,,,32.86,1376,13,0,angel,India,Delhi,Female,1980-11-05,2022-06-08 00:00:00,N,74.0,1.0
0668-MYQAW,2022-07-29,Paid,2022-08-28,Premium,Monthly,,,23.62,2799,52,0,diya,India,Punjab,Female,1974-07-12,,,,
0669-IJXAE,2020-10-07,Paid,2020-11-06,Basic,Monthly,,,12.05,454,52,0,ananya,Nepal,Pokhara,Female,1994-02-06,2021-02-10 00:00:00,N,75.0,1.0
0670-DVUQG,2022-09-23,Organic,2023-09-23,Standard,Annual,,,18.99,787,29,0,shruti,India,Nagaland,Female,1967-06-19,,,,
0671-ZJMTK,2022-05-19,Refferal,2022-06-18,Standard,Monthly,,,14.56,770,23,0,aarush,India,Delhi,Male,2004-01-02,,,,
0672-EFUGH,2019-07-25,Paid,2019-08-24,Standard,Monthly,2019-12-24,Switched to competitor,18.58,930,80,1,parth,India,Tamil Nadu,Male,2005-08-28,2019-12-27 00:00:00,Y,40.0,1.0
0673-MJOGP,2022-12-06,Organic,2023-01-05,Standard,Monthly,2023-09-07,Too expensive,15.08,629,96,1,sai,India,Rajasthan,Male,1994-02-02,2023-05-16 00:00:00,N,22.0,3.0
0674-HDZKP,2021-10-16,Organic,2021-11-15,Standard,Monthly,,,16.94,759,39,0,saanvi,India,Nagaland,Female,1996-09-16,2022-04-29 00:00:00,Y,44.0,3.0
0675-DFYOQ,2019-10-29,Refferal,2019-11-28,Standard,Monthly,,,15.62,920,36,0,dev,India,Nagaland,Male,1980-04-24,,,,
0676-LFQFJ,2021-06-06,Paid,2021-07-06,Basic,Monthly,2022-03-16,Not enough content,11.68,576,84,1,sunil,India,Gujarat,Male,1984-08-16,2021-08-23 00:00:00,Y,27.0,1.0
0677-LAUNP,2023-09-16,Paid,2024-09-15,Standard,Annual,,,14.79,725,11,0,neha,India,Bihar,Female,1974-01-05,2024-03-04 00:00:00,N,54.0,1.0
0678-NYCSN,2019-02-11,Organic,2019-03-13,Basic,Monthly,,,12.38,279,51,0,anay,India,Odisha,Male,2000-11-11,,,,
0679-YWOYX,2023-04-26,Refferal,2024-04-25,Premium,Annual,2023-12-14,Not enough content,25.45,1583,79,1,preeti,India,Maharashtra,Female,1979-09-08,2023-10-08 00:00:00,N,32.0,1.0
0680-JQXIW,2019-02-03,Refferal,2019-03-05,Basic,Monthly,2019-03-12,Too expensive,10.38,220,97,1,shweta,India,West Bengal,Female,1987-02-14,2019-08-10 00:00:00,Y,23.0,3.0
0681-XKZQX,2023-06-09,Refferal,2023-07-09,Basic,Monthly,,,9.85,291,45,0,sai,India,Uttar Pradesh,Male,1992-06-11,,,,
0682-SYMZU,2022-11-27,Paid,2023-11-27,Standard,Annual,2022-12-22,Not enough content,16.77,668,73,1,diya,India,Uttar Pradesh,Female,1990-10-28,2023-01-30 00:00:00,N,21.0,1.0
0683-VFHBL,2023-09-06,Refferal,2024-09-05,Basic,Annual,,,11.12,576,33,0,aditya,India,Telangana,Male,1981-06-13,,,,
0684-EAEVK,2022-12-03,Organic,2023-12-03,Premium,Annual,,,28.31,2586,60,0,shaurya,India,Meghalaya,Male,1983-08-15,,,,
0685-XXZXE,2020-03-14,Refferal,2020-04-13,Basic,Monthly,,,9.42,342,32,0,suresh,India,Bihar,Male,1977-07-11,,,,
0686-WCSXF,2023-11-29,Organic,2023-12-29,Basic,Monthly,,,12.44,410,37,0,anand,India,Meghalaya,Male,1967-05-16,,,,
0687-GOING,2019-10-14,Organic,2019-11-13,Premium,Monthly,,,22.36,2064,37,0,sonal,India,Rajasthan,Female,1966-12-23,2020-02-13 00:00:00,Y,57.0,2.0
0688-URWSC,2021-06-18,Refferal,2022-06-18,Basic,Annual,,,11.71,533,4,0,kartik,India,Delhi,Male,1995-11-11,,,,
0689-ZIRUN,2022-05-14,Refferal,2023-05-14,Standard,Annual,2022-10-23,Forgot to cancel trial,16.45,578,96,1,shruti,India,Delhi,Female,1989-06-25,2022-09-16 00:00:00,Y,37.0,2.0
0690-RXJQC,2019-11-02,Paid,2019-12-02,Standard,Monthly,,,15.84,550,55,0,preeti,India,Punjab,Female,1990-04-04,2020-04-15 00:00:00,N,66.0,3.0
0691-LJZUU,2023-11-08,Paid,2024-11-07,Premium,Annual,,,21.98,2283,19,0,krishna,India,Gujarat,Male,2000-12-22,,,,
0692-GWEYM,2020-07-02,Organic,2020-08-01,Premium,Monthly,,,21.04,2467,49,0,manish,India,Telangana,Male,1988-09-13,2020-12-19 00:00:00,N,86.0,3.0
0693-SVLCY,2019-11-17,Paid,2020-11-16,Standard,Annual,2020-03-28,Not enough content,18.32,543,95,1,angel,India,Karnataka,Female,2001-11-16,2020-03-21 00:00:00,N,36.0,3.0
0694-XAFCG,2022-10-11,Refferal,2023-10-11,Basic,Annual,2023-03-24,Too expensive,8.73,477,97,1,anay,India,Meghalaya,Male,1985-11-21,2022-12-08 00:00:00,N,32.0,1.0
0695-VGISK,2021-07-20,Refferal,2022-07-20,Premium,Annual,,,34.05,1298,15,0,ishaan,India,Delhi,Male,1969-03-30,2022-01-02 00:00:00,N,71.0,1.0
0696-DQZBK,2021-10-14,Paid,2022-10-14,Basic,Annual,,,9.76,406,52,0,om,India,Delhi,Male,1998-08-24,,,,
0697-WXAEV,2021-12-08,Organic,2022-01-07,Premium,Monthly,,,26.03,2639,49,0,sanjay,India,Haryana,Male,1970-01-10,2022-03-23 00:00:00,N,90.0,3.0
0698-DBIBD,2020-12-03,Organic,2021-01-02,Standard,Monthly,,,14.96,661,41,0,diya,India,Uttar Pradesh,Female,1975-05-19,,,,
0699-DGHIB,2024-04-10,Refferal,2024-05-10,Standard,Monthly,2024-11-13,Poor streaming quality,17.14,845,99,1,pari,India,Tamil Nadu,Female,1970-11-01,,,,
0700-BSDDU,2021-01-09,Paid,2022-01-09,Premium,Annual,,,21.4,1255,46,0,aditya,India,Karnataka,Male,1988-05-03,,,,
0701-ITCEF,2022-03-17,Organic,2023-03-17,Premium,Annual,,,33.55,2349,12,0,sneha,India,Haryana,Female,1987-11-02,,,,
0702-ZVHZD,2020-12-02,Paid,2021-01-01,Standard,Monthly,,,18.3,1063,36,0,sonal,India,Odisha,Female,1985-01-26,2021-01-30 00:00:00,Y,63.0,1.0
0703-BRLSP,2020-01-08,Organic,2021-01-07,Standard,Annual,,,16.9,669,41,0,rajesh,India,Delhi,Male,2001-01-13,,,,
0704-QQTOJ,2020-08-28,Organic,2021-08-28,Premium,Annual,2020-11-03,Not enough content,26.14,1708,88,1,sonal,India,Bihar,Female,1969-01-08,2020-11-20 00:00:00,N,22.0,3.0
0705-OYBQA,2024-01-01,Organic,2024-12-31,Basic,Annual,,,11.49,308,49,0,ira,India,Nagaland,Female,1985-07-05,2024-06-20 00:00:00,Y,100.0,3.0
0706-VZVXY,2021-04-11,Refferal,2022-04-11,Premium,Annual,2021-11-07,Forgot to cancel trial,30.81,1744,87,1,ishaan,India,Haryana,Male,1980-04-24,2021-06-10 00:00:00,Y,40.0,1.0
0707-CVWTU,2023-05-11,Paid,2024-05-10,Premium,Annual,,,22.37,2783,35,0,tanvi,India,Nagaland,Female,1976-04-20,2023-05-23 00:00:00,N,50.0,1.0
0708-TARNP,2021-03-03,Refferal,2021-04-02,Basic,Monthly,,,7.48,248,24,0,navya,Nepal,Kathmandu,Female,2002-05-26,,,,
0709-VAYJB,2019-04-22,Paid,2020-04-21,Basic,Annual,2019-12-19,Poor streaming quality,12.17,417,88,1,angel,India,Delhi,Female,2003-06-25,2019-08-31 00:00:00,N,28.0,2.0
0710-ESLDK,2023-03-08,Paid,2024-03-07,Standard,Annual,,,18.61,664,62,0,sara,India,Kerala,Female,1965-11-15,,,,
0711-TGKNN,2024-05-08,Paid,2025-05-08,Premium,Annual,2024-07-02,Poor streaming quality,34.88,2021,87,1,advik,India,Bihar,Male,1975-05-31,2024-11-02 00:00:00,Y,20.0,1.0
0712-JFKVZ,2021-07-05,Organic,2022-07-05,Standard,Annual,,,15.31,550,13,0,sara,India,Kerala,Female,1981-11-13,,,,
0713-IDKNZ,2023-08-31,Organic,2024-08-30,Standard,Annual,,,16.66,645,50,0,rahul,India,Karnataka,Male,1975-08-11,,,,
0714-REEAE,2021-11-29,Paid,2021-12-29,Premium,Monthly,,,28.73,2206,46,0,sunil,India,Rajasthan,Male,1969-08-04,,,,
0715-GLVWO,2022-03-18,Paid,2022-04-17,Standard,Monthly,,,17.92,1102,43,0,rajesh,India,West Bengal,Male,1983-04-28,,,,
0716-RZLSK,2023-10-28,Organic,2024-10-27,Basic,Annual,2024-02-07,Too expensive,9.25,223,96,1,saanvi,India,Odisha,Female,1999-12-26,2024-04-23 00:00:00,N,33.0,2.0
0717-UOLCG,2019-10-12,Paid,2020-10-11,Standard,Annual,,,17.76,540,37,0,om,India,Rajasthan,Male,1968-04-06,,,,
0718-GLPHO,2024-05-02,Refferal,2024-06-01,Premium,Monthly,,,33.46,2672,47,0,shaurya,India,Karnataka,Male,2003-03-03,2024-11-11 00:00:00,N,75.0,2.0
0719-QHLOL,2020-04-26,Refferal,2021-04-26,Standard,Annual,,,15.94,700,65,0,dev,India,Delhi,Male,1981-01-05,,,,
0720-AQHUZ,2021-02-26,Refferal,2021-03-28,Premium,Monthly,,,29.18,2218,12,0,om,India,Bihar,Male,1987-03-15,,,,
0721-DNFZA,2021-01-25,Organic,2022-01-25,Basic,Annual,,,10.97,594,27,0,preeti,India,Rajasthan,Female,1995-08-11,,,,
0722-QROAD,2020-01-09,Refferal,2021-01-08,Standard,Annual,2020-06-22,Too expensive,16.96,700,96,1,richa,India,West Bengal,Female,2003-03-30,,,,
0723-DNOHK,2019-06-13,Refferal,2020-06-12,Basic,Annual,,,10.19,322,62,0,advik,India,Nagaland,Male,1980-04-05,,,,
0724-XIEOK,2021-01-27,Organic,2021-02-26,Premium,Monthly,,,21.69,1956,63,0,dev,India,Odisha,Male,1992-04-09,,,,
0725-NYYOA,2020-02-02,Paid,2020-03-03,Premium,Monthly,,,34.29,1352,10,0,nisha,India,Tamil Nadu,Female,2002-01-01,,,,
0726-PEFVI,2020-09-21,Organic,2021-09-21,Standard,Annual,,,16.26,834,15,0,anay,India,Delhi,Male,2002-08-14,2021-01-11 00:00:00,N,94.0,3.0
0727-WBYGW,2019-12-30,Paid,2020-12-29,Premium,Annual,,,28.46,2625,33,0,aarush,Nepal,Kathmandu,Male,1966-07-31,,,,
0728-PVTAJ,2024-03-30,Paid,2025-03-30,Standard,Annual,,,14.28,832,40,0,rajesh,India,Kerala,Male,1983-01-16,,,,
0729-ULLHE,2021-05-14,Paid,2022-05-14,Premium,Annual,2021-07-28,Switched to competitor,33.46,2228,89,1,priya,India,Gujarat,Female,1989-04-14,2021-05-29 00:00:00,Y,29.0,2.0
0730-QPWBG,2021-09-11,Organic,2021-10-11,Premium,Monthly,,,30.12,1573,21,0,rudra,India,Delhi,Male,1974-05-07,2022-01-28 00:00:00,N,64.0,3.0
0731-SHKTD,2022-12-20,Refferal,2023-01-19,Premium,Monthly,2023-01-07,Not enough content,22.13,1458,74,1,rohan,India,Delhi,Male,1988-08-03,2023-06-26 00:00:00,N,32.0,3.0
0732-NTKSR,2022-02-25,Refferal,2023-02-25,Standard,Annual,,,14.67,658,63,0,atharva,India,Madhya Pradesh,Male,1985-10-29,2022-08-07 00:00:00,Y,92.0,1.0
0733-JRGCB,2021-07-25,Refferal,2021-08-24,Basic,Monthly,,,9.65,517,62,0,parth,India,Nagaland,Male,1993-12-14,,,,
0734-PEVAE,2023-12-11,Organic,2024-01-10,Premium,Monthly,2024-04-24,Forgot to cancel trial,26.82,2398,79,1,vikas,Nepal,Lalitpur,Male,1974-08-09,2024-03-08 00:00:00,N,25.0,1.0
0735-FOIKM,2022-03-15,Paid,2023-03-15,Standard,Annual,,,16.88,1010,49,0,nisha,India,Punjab,Female,1978-01-01,2022-08-21 00:00:00,N,95.0,2.0
0736-BBGXM,2024-04-21,Refferal,2024-05-21,Basic,Monthly,,,7.89,565,65,0,myra,India,West Bengal,Female,1971-03-16,2024-09-13 00:00:00,Y,42.0,2.0
0737-GOPYX,2020-04-29,Refferal,2021-04-29,Basic,Annual,,,11.78,534,55,0,sneha,India,Kerala,Female,1994-12-08,,,,
0738-FHHXQ,2024-05-07,Organic,2024-06-06,Basic,Monthly,,,11.66,479,52,0,myra,India,Kerala,Female,2002-06-19,,,,
0739-YTRCF,2021-08-20,Organic,2021-09-19,Premium,Monthly,2021-11-20,Too expensive,29.49,1435,71,1,shalini,India,Telangana,Female,2005-11-23,2021-09-24 00:00:00,N,39.0,1.0
0740-MRBPT,2019-03-27,Organic,2019-04-26,Standard,Monthly,,,14.67,851,62,0,ayan,India,Punjab,Male,1969-09-09,,,,
0741-LGYTF,2022-09-14,Organic,2023-09-14,Premium,Annual,,,34.02,2790,12,0,tanvi,India,Punjab,Female,1980-02-18,,,,
0742-HCHUR,2021-02-08,Organic,2021-03-10,Premium,Monthly,,,23.09,1916,56,0,ranveer,India,West Bengal,Male,1971-01-15,,,,
0743-VTAYS,2020-04-13,Paid,2020-05-13,Basic,Monthly,,,8.64,367,38,0,sara,India,Madhya Pradesh,Female,2001-12-10,2020-07-26 00:00:00,N,99.0,2.0
0744-XUAZY,2020-07-23,Organic,2020-08-22,Premium,Monthly,,,29.9,2677,30,0,myra,India,Rajasthan,Female,1986-07-03,,,,
0745-PKDWN,2022-07-17,Refferal,2022-08-16,Basic,Monthly,,,11.2,593,18,0,ranveer,India,Rajasthan,Male,2002-02-18,2022-12-26 00:00:00,N,97.0,1.0
0746-YOTLL,2021-01-31,Paid,2022-01-31,Basic,Annual,,,12.66,278,9,0,ritu,India,Bihar,Female,1991-06-22,2021-06-27 00:00:00,Y,47.0,2.0
0747-DFUTK,2021-09-28,Organic,2022-09-28,Premium,Annual,,,81.46,2688,31,0,reyansh,India,Gujarat,Male,1999-04-01,2022-04-01 00:00:00,Y,45.0,3.0
0748-GMFCB,2019-12-25,Organic,2020-01-24,Basic,Monthly,2020-10-05,Not enough content,7.09,372,87,1,sunita,Nepal,Pokhara,Female,1987-01-27,,,,
0749-PMFOI,2023-12-27,Paid,2024-12-26,Basic,Annual,2024-03-21,Poor streaming quality,7.46,449,77,1,vijay,India,Bihar,Male,1976-05-28,2024-03-09 00:00:00,N,37.0,1.0
0750-IIPTU,2019-03-18,Organic,2020-03-17,Premium,Annual,2019-08-18,Forgot to cancel trial,23.77,2330,92,1,suresh,India,Bihar,Male,1970-07-30,2019-09-09 00:00:00,N,14.0,1.0
0751-UBPNV,2022-08-01,Organic,2022-08-31,Basic,Monthly,,,9.77,374,55,0,isha,India,Punjab,Female,2000-02-21,,,,
0752-PTCXY,2020-05-23,Organic,2020-06-22,Standard,Monthly,,,16.17,715,64,0,pranav,India,Karnataka,Male,1986-10-04,,,,
0753-PHOCP,2023-10-03,Refferal,2023-11-02,Basic,Monthly,,,8.28,176,55,0,arjun,India,Gujarat,Male,1972-05-29,,,,
0754-VCKVR,2024-01-22,Refferal,2024-02-21,Basic,Monthly,,,9.21,509,39,0,kartik,India,Gujarat,Male,1969-04-07,,,,
0755-NZPXX,2024-05-29,Paid,2024-06-28,Basic,Monthly,,,12.81,354,22,0,suresh,Nepal,Lalitpur,Male,2002-07-07,,,,
0756-EDYWN,2022-01-09,Organic,2022-02-08,Basic,Monthly,,,8.55,173,23,0,vikas,Nepal,Lalitpur,Male,1981-10-08,,,,
0757-CVVJC,2022-10-13,Refferal,2023-10-13,Basic,Annual,,,10.59,366,35,0,angel,India,Delhi,Female,1972-01-30,2023-04-28 00:00:00,N,100.0,3.0
0758-GUULJ,2022-02-17,Organic,2023-02-17,Premium,Annual,,,26.03,2142,57,0,sunil,India,Uttar Pradesh,Male,1972-12-10,,,,
0759-RKHBP,2024-03-31,Refferal,2025-03-31,Basic,Annual,,,8.58,411,7,0,shruti,India,Punjab,Female,1982-03-20,,,,
0760-DIKEY,2024-05-20,Organic,2025-05-20,Premium,Annual,,,26.39,1666,59,0,kartik,India,Meghalaya,Male,1965-01-06,,,,
0761-ZKDZN,2023-08-27,Organic,2023-09-26,Standard,Monthly,,,17.3,1114,13,0,rahul,India,Delhi,Male,1969-01-01,,,,
0762-WSCFS,2020-10-19,Refferal,2020-11-18,Standard,Monthly,,,15.65,522,26,0,ranveer,India,Uttar Pradesh,Male,1966-12-19,,,,
0763-HHDDC,2021-05-02,Paid,2021-06-01,Standard,Monthly,,,17.77,995,62,0,pari,India,Tamil Nadu,Female,1977-04-10,,,,
0764-UDGNT,2019-10-25,Organic,2020-10-24,Basic,Annual,,,9.65,361,9,0,alok,India,Maharashtra,Male,2003-11-11,,,,
0765-VQXQY,2021-03-21,Refferal,2022-03-21,Standard,Annual,,,18.64,890,47,0,ritu,India,Uttar Pradesh,Female,1996-05-08,,,,
0766-CIGIR,2023-05-19,Paid,2024-05-18,Basic,Annual,,,11.17,345,5,0,ayan,India,Rajasthan,Male,1967-08-18,,,,
0767-BCRBV,2022-08-19,Organic,2022-09-18,Premium,Monthly,2022-09-06,Switched to competitor,29.26,2427,85,1,riya,India,Uttar Pradesh,Female,1983-06-06,2023-02-06 00:00:00,N,18.0,3.0
0768-RHXWP,2019-01-30,Paid,2020-01-30,Standard,Annual,,,18.32,1001,24,0,nisha,India,West Bengal,Female,2000-05-26,,,,
0769-ALYTZ,2020-06-12,Paid,2021-06-12,Basic,Annual,,,12.12,244,24,0,rajesh,India,Maharashtra,Male,1984-01-27,,,,
0770-BKIPF,2019-08-31,Organic,2019-09-30,Standard,Monthly,,,14.9,962,59,0,aarav,India,Haryana,Male,1972-03-10,,,,
0771-RIDIB,2019-07-09,Paid,2020-07-08,Premium,Annual,2020-04-23,Switched to competitor,32.74,1322,98,1,reyansh,India,Gujarat,Male,1996-10-23,2019-12-08 00:00:00,N,32.0,3.0
0772-YXYHD,2024-02-27,Organic,2024-03-28,Basic,Monthly,,,10.16,267,59,0,kavya,India,Haryana,Female,1968-06-01,,,,
0773-FIPKT,2024-04-25,Refferal,2024-05-25,Standard,Monthly,,,14.63,1187,51,0,ramesh,India,Rajasthan,Male,1981-07-13,2024-07-03 00:00:00,N,88.0,2.0
0774-GQHMT,2021-07-05,Paid,2022-07-05,Premium,Annual,,,35.03,1373,60,0,arjun,India,Telangana,Male,1971-12-01,,,,
0775-TGHQT,2024-01-13,Paid,2025-01-12,Premium,Annual,,,20.19,1337,27,0,ahana,India,Punjab,Female,1995-09-25,,,,
0776-VGSFK,2024-01-05,Organic,2025-01-04,Basic,Annual,2024-03-13,Forgot to cancel trial,12.28,156,99,1,rudra,India,Odisha,Male,2002-03-22,2024-05-01 00:00:00,N,28.0,2.0
0777-HGRJG,2022-06-22,Organic,2023-06-22,Premium,Annual,,,32.54,2514,51,0,alok,India,Kerala,Male,1995-11-19,,,,
0778-SIQDN,2023-12-18,Refferal,2024-01-17,Standard,Monthly,,,18.96,822,47,0,richa,India,Haryana,Female,1991-04-21,2024-02-25 00:00:00,N,42.0,2.0
0779-WZOZS,2022-04-28,Paid,2022-05-28,Premium,Monthly,2023-02-18,Poor streaming quality,23.76,1411,73,1,anay,India,Telangana,Male,2002-04-22,2022-09-25 00:00:00,Y,21.0,1.0
0780-WYSOF,2023-12-26,Organic,2024-01-25,Basic,Monthly,,,11.14,347,27,0,ayan,India,Nagaland,Male,1965-09-02,2024-05-09 00:00:00,N,78.0,1.0
0781-XRSDO,2024-01-13,Refferal,2025-01-12,Standard,Annual,,,17.24,1156,40,0,prisha,India,Delhi,Female,1977-12-15,,,,
0782-BMKTW,2020-10-09,Refferal,2020-11-08,Basic,Monthly,,,7.01,525,4,0,advik,India,Haryana,Male,2003-11-12,,,,
0783-TXAVH,2021-06-11,Paid,2022-06-11,Standard,Annual,2022-01-13,Not enough content,15.33,575,90,1,aditi,India,Delhi,Female,1979-11-13,2021-12-14 00:00:00,Y,24.0,1.0
0784-ALIKV,2023-04-06,Organic,2024-04-05,Standard,Annual,,,16.73,801,27,0,ritu,India,Odisha,Female,1992-08-06,,,,
0785-OQEPU,2021-08-25,Refferal,2022-08-25,Premium,Annual,2021-10-18,Forgot to cancel trial,92.04,2078,84,1,alok,India,Odisha,Male,2005-04-09,2022-02-07 00:00:00,N,45.0,3.0
0786-JHCWT,2024-05-14,Organic,2025-05-14,Standard,Annual,,,16.27,592,11,0,sara,India,Bihar,Female,1981-03-16,,,,
0787-KEBOU,2019-11-30,Organic,2020-11-29,Standard,Annual,,,16.55,576,54,0,anay,India,Punjab,Male,1971-03-08,,,,
0788-ZWSJX,2020-10-15,Paid,2020-11-14,Basic,Monthly,2021-05-05,Poor streaming quality,12.06,222,97,1,anand,India,Tamil Nadu,Male,1981-09-22,,,,
0789-ATBKY,2020-07-24,Paid,2020-08-23,Premium,Monthly,,,22.6,1871,59,0,aarti,India,Karnataka,Female,1985-08-10,,,,
0790-ACNYV,2019-05-29,Paid,2020-05-28,Basic,Annual,,,9.88,180,63,0,shaurya,India,Bihar,Male,1975-10-14,,,,
0791-SYCOZ,2020-01-16,Paid,2020-02-15,Premium,Monthly,,,34.07,1665,58,0,ramesh,India,Nagaland,Male,2001-08-13,,,,
0792-BOFAB,2020-06-09,Refferal,2020-07-09,Premium,Monthly,,,29.17,2656,21,0,aditi,India,Maharashtra,Female,1965-03-17,2020-09-27 00:00:00,N,78.0,3.0
0793-HMDVC,2024-01-21,Refferal,2024-02-20,Basic,Monthly,2024-08-29,Too expensive,8.54,173,94,1,deepak,India,Tamil Nadu,Male,2001-05-18,2024-03-31 00:00:00,N,25.0,2.0
0794-WDNKH,2023-01-09,Paid,2024-01-09,Premium,Annual,,,28.04,1562,17,0,pari,India,Bihar,Female,1973-09-10,,,,
0795-ZXZHX,2022-12-14,Organic,2023-12-14,Standard,Annual,,,16.23,843,26,0,ranveer,India,Bihar,Male,2001-08-14,,,,
0796-EOSAA,2022-09-26,Refferal,2022-10-26,Basic,Monthly,,,7.59,192,32,0,pooja,India,Madhya Pradesh,Female,1993-03-19,,,,
0797-YCZAI,2019-12-11,Refferal,2020-01-10,Standard,Monthly,,,17.58,879,23,0,divya,India,Karnataka,Female,1995-10-22,,,,
0798-YSCEA,2021-01-01,Organic,2021-01-31,Basic,Monthly,,,12.15,538,61,0,yash,India,Bihar,Male,2005-06-03,2021-04-04 00:00:00,N,81.0,2.0
0799-LXILB,2022-02-01,Organic,2023-02-01,Premium,Annual,2022-03-21,Switched to competitor,31.88,2518,77,1,diya,India,Telangana,Female,2002-11-19,2022-08-09 00:00:00,Y,17.0,2.0
0800-HDAFB,2024-05-10,Organic,2025-05-10,Premium,Annual,,,29.86,2317,51,0,navya,India,Tamil Nadu,Female,1993-02-13,,,,
0801-XRIBK,2019-01-27,Refferal,2019-02-26,Standard,Monthly,2019-08-28,Poor streaming quality,16.85,1060,87,1,vihaan,India,Madhya Pradesh,Male,1990-07-17,2019-07-28 00:00:00,N,23.0,3.0
0802-WAKLT,2019-05-30,Paid,2019-06-29,Standard,Monthly,,,15.56,633,14,0,ranveer,India,Telangana,Male,1972-03-17,2019-11-11 00:00:00,Y,100.0,2.0
0803-FFICA,2020-05-15,Organic,2021-05-15,Premium,Annual,2021-01-12,Too expensive,93.3,1438,82,1,vikas,India,Haryana,Male,2002-08-20,,,,
0804-AXIZX,2023-10-29,Organic,2023-11-28,Basic,Monthly,,,10.55,453,22,0,tanvi,India,Bihar,Female,1979-07-03,2024-01-01 00:00:00,N,55.0,1.0
0805-RWUXD,2023-12-28,Organic,2024-01-27,Basic,Monthly,2024-04-03,Too expensive,12.43,208,81,1,sneha,India,Delhi,Female,1976-06-23,2024-02-19 00:00:00,N,20.0,1.0
0806-QPRBX,2022-03-04,Organic,2023-03-04,Basic,Annual,,,11.63,407,37,0,manish,India,Madhya Pradesh,Male,1997-06-04,,,,
0807-OCPIT,2022-12-22,Organic,2023-12-22,Basic,Annual,,,9.86,541,41,0,ahana,India,Nagaland,Female,1982-02-15,,,,
0808-BZPEX,2020-09-28,Organic,2020-10-28,Premium,Monthly,2021-01-11,Forgot to cancel trial,22.2,2176,71,1,anvi,India,Gujarat,Female,1979-11-18,2021-03-21 00:00:00,N,13.0,2.0
0809-CHZRT,2022-12-06,Organic,2023-01-05,Premium,Monthly,,,80.54,1625,20,0,arjun,India,Kerala,Male,1990-11-24,,,,
0810-SFDSM,2019-03-26,Organic,2019-04-25,Standard,Monthly,,,15.67,548,28,0,dev,India,Uttar Pradesh,Male,1981-09-24,2019-08-27 00:00:00,Y,74.0,3.0
0811-DBAEP,2022-04-07,Refferal,2022-05-07,Basic,Monthly,,,12.65,164,56,0,navya,India,Punjab,Female,2003-10-24,,,,
0812-OHQKD,2021-01-21,Paid,2022-01-21,Standard,Annual,,,18.2,902,51,0,advik,India,Haryana,Male,1986-11-03,,,,
0813-BGKDO,2020-09-07,Refferal,2020-10-07,Standard,Monthly,,,18.82,900,46,0,sunita,India,Tamil Nadu,Female,1991-01-27,2021-03-14 00:00:00,Y,66.0,1.0
0814-AQJLD,2020-06-07,Organic,2021-06-07,Premium,Annual,,,22.19,1903,38,0,siddharth,India,Nagaland,Male,1968-12-20,,,,
0815-GDRWQ,2019-10-30,Refferal,2019-11-29,Premium,Monthly,,,24.97,1373,39,0,alok,India,Nagaland,Male,1998-03-11,,,,
0816-GFIGD,2021-01-16,Refferal,2021-02-15,Basic,Monthly,,,8.46,253,5,0,swati,Nepal,Kathmandu,Female,2004-11-16,,,,
0817-GCVWN,2023-05-14,Refferal,2024-05-13,Premium,Annual,,,29.01,1877,28,0,ananya,India,Gujarat,Female,1981-08-03,,,,
0818-XUGUX,2023-10-22,Paid,2024-10-21,Standard,Annual,,,18.65,1108,27,0,prisha,India,Uttar Pradesh,Female,1984-08-02,,,,
0819-BFHCI,2024-02-22,Paid,2024-03-23,Standard,Monthly,,,14.92,908,23,0,ananya,India,Maharashtra,Female,1990-09-09,,,,
0820-JJHLC,2019-09-01,Paid,2019-10-01,Standard,Monthly,2020-01-29,Forgot to cancel trial,14.6,792,91,1,aarav,India,Gujarat,Male,1971-02-18,2019-12-21 00:00:00,N,29.0,1.0
0821-XFVLK,2021-10-12,Refferal,2022-10-12,Basic,Annual,2022-08-04,Poor streaming quality,7.84,211,93,1,aalia,India,Maharashtra,Female,1966-05-07,2022-04-03 00:00:00,Y,21.0,3.0
0822-VQRBM,2023-11-28,Refferal,2023-12-28,Basic,Monthly,,,12.42,386,39,0,harsh,India,Maharashtra,Male,1996-01-08,,,,
0823-RKFAH,2024-03-24,Refferal,2024-04-23,Basic,Monthly,,,12.56,338,36,0,harsh,India,Kerala,Male,2001-07-28,,,,
0824-BADWE,2019-09-03,Paid,2019-10-03,Premium,Monthly,,,24.81,2617,52,0,arjun,India,West Bengal,Male,1985-10-10,,,,
0825-TNQCZ,2021-11-27,Paid,2021-12-27,Premium,Monthly,,,20.42,2378,57,0,advik,India,Punjab,Male,1992-12-02,,,,
0826-GDJPV,2020-04-09,Refferal,2020-05-09,Premium,Monthly,,,29.64,1788,33,0,kavir,India,Meghalaya,Male,1993-09-15,,,,
0827-VUFJD,2024-02-02,Organic,2025-02-01,Basic,Annual,,,10.06,349,53,0,kiran,India,Kerala,Female,1966-07-24,,,,
0828-TUVFB,2020-03-31,Refferal,2020-04-30,Premium,Monthly,,,21.42,2564,43,0,sunil,India,Punjab,Male,1969-06-23,,,,
0829-SGWUM,2022-11-15,Organic,2022-12-15,Basic,Monthly,2023-04-28,Not enough content,12.51,410,73,1,divya,India,Meghalaya,Female,1971-07-07,2023-05-28 00:00:00,N,21.0,3.0
0830-JBKVQ,2022-11-01,Paid,2023-11-01,Basic,Annual,,,11.96,153,23,0,saanvi,India,Nagaland,Female,1988-11-05,2023-01-27 00:00:00,Y,96.0,3.0
0831-RNHKO,2019-04-03,Paid,2020-04-02,Standard,Annual,,,16.83,678,45,0,sunita,India,West Bengal,Female,1997-10-08,2019-07-26 00:00:00,N,57.0,1.0
0832-CTRIH,2021-10-14,Paid,2021-11-13,Basic,Monthly,,,9.85,150,4,0,vikas,India,Telangana,Male,1991-07-05,2021-11-28 00:00:00,N,44.0,2.0
0833-DBFGS,2021-08-29,Organic,2021-09-28,Basic,Monthly,2021-12-16,Too expensive,9.55,397,95,1,swati,India,Bihar,Female,1983-03-19,2021-12-29 00:00:00,N,43.0,1.0
0834-QQKGQ,2022-07-14,Paid,2023-07-14,Standard,Annual,,,14.93,1024,53,0,kartik,India,Tamil Nadu,Male,1974-02-09,,,,
0835-IGDEP,2022-02-27,Refferal,2023-02-27,Standard,Annual,2022-11-06,Poor streaming quality,16.39,551,83,1,ananya,India,Madhya Pradesh,Female,2001-03-23,2022-08-21 00:00:00,N,41.0,3.0
0836-XLZGI,2019-03-19,Refferal,2020-03-18,Standard,Annual,2019-11-14,Switched to competitor,16.82,1131,84,1,amit,India,West Bengal,Male,1996-05-10,2019-08-22 00:00:00,N,10.0,3.0
0837-JCNMR,2024-02-20,Refferal,2025-02-19,Premium,Annual,,,26.29,2047,18,0,neha,India,Delhi,Female,2003-04-12,2024-09-04 00:00:00,Y,97.0,2.0
0838-UUHDO,2020-04-08,Refferal,2021-04-08,Standard,Annual,,,15.31,1038,56,0,vijay,India,Gujarat,Male,1977-05-16,,,,
0839-ODBIK,2022-04-08,Paid,2022-05-08,Basic,Monthly,,,7.94,154,51,0,riya,Nepal,Lalitpur,Female,2001-09-04,,,,
0840-DRCMB,2021-01-28,Paid,2022-01-28,Premium,Annual,2021-07-16,Not enough content,22.1,1276,71,1,neha,India,Odisha,Female,1980-08-07,,,,
0841-JBSFB,2020-02-22,Refferal,2021-02-21,Standard,Annual,,,18.28,864,41,0,ishaan,India,Kerala,Male,1969-10-14,,,,
0842-IIRMA,2022-02-05,Paid,2022-03-07,Standard,Monthly,,,17.47,906,8,0,angel,India,Telangana,Female,1968-02-01,2022-06-30 00:00:00,N,96.0,3.0
0843-AGIHG,2021-05-01,Refferal,2022-05-01,Premium,Annual,,,91.87,2533,48,0,harsh,India,Tamil Nadu,Male,1975-05-29,,,,
0844-OHTYD,2019-05-12,Paid,2020-05-11,Basic,Annual,2019-06-25,Too expensive,12.95,304,80,1,harsh,India,Madhya Pradesh,Male,1984-08-27,2019-09-02 00:00:00,N,21.0,2.0
0845-TSTTF,2019-02-03,Organic,2020-02-03,Standard,Annual,2019-02-23,Too expensive,16.86,610,98,1,manish,Nepal,Lalitpur,Male,2000-07-31,2019-04-13 00:00:00,N,38.0,1.0
0846-TDXUJ,2020-12-12,Paid,2021-01-11,Premium,Monthly,2021-03-25,Too expensive,20.9,1958,72,1,suresh,India,Meghalaya,Male,1999-10-22,2021-04-20 00:00:00,Y,11.0,2.0
0847-DHBZP,2020-08-22,Organic,2021-08-22,Basic,Annual,,,9.63,599,61,0,sai,India,Rajasthan,Male,1972-05-01,,,,
0848-ROSYV,2024-03-31,Organic,2025-03-31,Basic,Annual,,,9.31,477,37,0,nisha,India,Gujarat,Female,1983-07-27,,,,
0849-LUMDN,2023-05-21,Refferal,2024-05-20,Standard,Annual,,,15.96,1046,19,0,atharva,India,Karnataka,Male,2001-01-02,,,,
0850-SDGGE,2019-09-02,Refferal,2020-09-01,Premium,Annual,,,20.66,2609,54,0,atharva,India,Delhi,Male,1968-11-09,,,,
0851-PRXXL,2022-05-10,Organic,2023-05-10,Basic,Annual,,,10.52,467,47,0,sunil,India,Karnataka,Male,2000-10-17,,,,
0852-PTXCC,2022-02-15,Paid,2022-03-17,Basic,Monthly,,,7.12,588,12,0,ishaan,India,Punjab,Male,1998-07-29,2022-05-27 00:00:00,N,83.0,1.0
0853-PQWFF,2020-08-25,Paid,2021-08-25,Basic,Annual,,,8.82,580,35,0,dev,India,Telangana,Male,1974-01-29,,,,
0854-XAMUA,2023-04-18,Paid,2023-05-18,Premium,Monthly,,,27.16,2637,28,0,ritu,India,Odisha,Female,1995-09-13,,,,
0855-REWTK,2019-11-24,Paid,2019-12-24,Basic,Monthly,,,9.5,354,8,0,anvi,India,Madhya Pradesh,Female,1986-04-09,2020-02-19 00:00:00,N,99.0,3.0
0856-FDITS,2019-11-12,Refferal,2020-11-11,Basic,Annual,,,11.95,520,51,0,aalia,India,Bihar,Female,1994-12-25,,,,
0857-BJIGN,2019-03-31,Paid,2019-04-30,Premium,Monthly,2019-07-01,Switched to competitor,33.68,2515,97,1,diya,India,Nagaland,Female,1975-01-03,2019-07-09 00:00:00,N,42.0,1.0
0858-SNWON,2020-10-31,Paid,2020-11-30,Standard,Monthly,,,15.54,812,56,0,neha,India,Nagaland,Female,1999-04-03,,,,
0859-AUEYX,2021-12-02,Paid,2022-12-02,Premium,Annual,,,26.42,2017,52,0,divya,India,Madhya Pradesh,Female,1975-12-21,,,,
0860-PSFRC,2019-02-05,Paid,2019-03-07,Basic,Monthly,,,8.7,463,16,0,parth,India,Meghalaya,Male,1973-01-12,,,,
0861-CTYXO,2021-04-12,Refferal,2022-04-12,Premium,Annual,,,31.04,1529,15,0,sai,India,Bihar,Male,1971-11-19,2021-10-14 00:00:00,Y,40.0,3.0
0862-YTOFK,2020-07-07,Organic,2020-08-06,Premium,Monthly,,,31.35,2332,62,0,aarav,India,Karnataka,Male,1979-08-27,,,,
0863-VEUTB,2023-03-29,Paid,2023-04-28,Basic,Monthly,,,8.05,434,16,0,meena,India,Haryana,Female,1972-05-11,,,,
0864-NXRWF,2023-12-14,Refferal,2024-12-13,Basic,Annual,2024-06-02,Switched to competitor,9.38,203,87,1,aarti,India,Delhi,Female,1987-09-07,2024-02-05 00:00:00,Y,42.0,1.0
0865-FFPCO,2021-12-18,Paid,2022-12-18,Premium,Annual,2022-09-05,Poor streaming quality,35.0,2634,98,1,karan,India,Bihar,Male,1998-01-25,,,,
0866-KQJPA,2021-08-14,Refferal,2022-08-14,Standard,Annual,,,14.57,1015,25,0,harsh,India,Uttar Pradesh,Male,1999-07-22,,,,
0867-KWQOH,2019-11-05,Refferal,2020-11-04,Standard,Annual,,,15.83,908,51,0,anvi,India,Maharashtra,Female,1997-02-16,2020-04-05 00:00:00,N,48.0,2.0
0868-PXEIP,2019-02-16,Paid,2020-02-16,Premium,Annual,,,27.59,2043,22,0,aadhya,India,Tamil Nadu,Female,2004-10-08,2019-07-17 00:00:00,N,71.0,2.0
0869-HRGJQ,2023-07-01,Refferal,2024-06-30,Basic,Annual,,,9.46,274,32,0,meena,India,Odisha,Female,1973-09-06,,,,
0870-QFTNN,2023-06-11,Refferal,2023-07-11,Premium,Monthly,,,30.23,1220,13,0,shruti,India,Maharashtra,Female,1976-11-24,2023-07-27 00:00:00,N,69.0,1.0
0871-KHPBV,2019-01-02,Refferal,2019-02-01,Premium,Monthly,,,32.86,1824,37,0,anay,India,Gujarat,Male,1981-01-31,,,,
0872-QTGWZ,2023-06-03,Paid,2023-07-03,Basic,Monthly,,,6.99,173,49,0,aarti,Nepal,Kathmandu,Female,1965-08-27,,,,
0873-RCXUJ,2020-06-18,Refferal,2020-07-18,Standard,Monthly,,,18.88,1180,21,0,vivaan,India,Kerala,Male,1982-05-19,,,,
0874-ONMSA,2019-03-05,Organic,2019-04-04,Standard,Monthly,2019-08-18,Not enough content,15.85,625,78,1,manish,India,Haryana,Male,2004-05-24,2019-08-09 00:00:00,N,35.0,3.0
0875-HBDUD,2023-04-23,Organic,2023-05-23,Basic,Monthly,,,7.74,154,16,0,ritu,India,Madhya Pradesh,Female,1971-02-22,,,,
0876-QHUGH,2021-06-14,Paid,2021-07-14,Basic,Monthly,2021-12-06,Switched to competitor,12.08,568,77,1,neha,India,West Bengal,Female,1981-09-14,2021-08-31 00:00:00,N,32.0,1.0
0877-CSWPA,2019-05-20,Refferal,2020-05-19,Basic,Annual,2020-02-12,Too expensive,12.53,477,84,1,vikram,India,Rajasthan,Male,1969-02-06,2019-10-11 00:00:00,N,32.0,3.0
0878-RJSIK,2024-02-20,Organic,2024-03-21,Standard,Monthly,,,15.53,594,32,0,nisha,India,Delhi,Female,1985-02-15,2024-05-26 00:00:00,N,59.0,2.0
0879-WTWHV,2022-03-15,Paid,2022-04-14,Standard,Monthly,2022-07-26,Poor streaming quality,15.44,1117,80,1,myra,India,Tamil Nadu,Female,1996-07-03,2022-04-20 00:00:00,N,36.0,1.0
0880-WBFVN,2023-07-22,Refferal,2023-08-21,Standard,Monthly,,,17.96,991,15,0,rahul,India,Odisha,Male,1986-04-14,2023-11-15 00:00:00,Y,83.0,3.0
0881-YSMUN,2020-01-21,Paid,2021-01-20,Standard,Annual,,,16.47,990,27,0,rajesh,India,Nagaland,Male,1980-12-24,,,,
0882-PKYZF,2020-06-20,Paid,2020-07-20,Premium,Monthly,,,29.39,1259,10,0,sara,India,Gujarat,Female,2004-11-11,2020-11-13 00:00:00,N,54.0,3.0
0883-PRHHQ,2023-03-19,Refferal,2024-03-18,Premium,Annual,,,25.92,1959,59,0,khushi,India,Odisha,Female,1999-10-31,,,,
0884-QOTDN,2021-08-05,Refferal,2021-09-04,Basic,Monthly,2022-04-08,Switched to competitor,8.79,426,89,1,sanjay,India,Meghalaya,Male,1968-03-16,,,,
0885-TNXGI,2021-12-07,Paid,2022-01-06,Basic,Monthly,,,8.08,261,16,0,anay,India,Telangana,Male,1984-02-01,,,,
0886-ILNUP,2023-02-20,Refferal,2023-03-22,Basic,Monthly,2023-05-21,Forgot to cancel trial,9.66,445,80,1,richa,India,West Bengal,Female,1990-11-10,,,,
0887-PFUCV,2024-05-22,Refferal,2024-06-21,Premium,Monthly,2024-08-07,Switched to competitor,25.08,2008,93,1,shalini,India,Maharashtra,Female,1998-11-06,,,,
0888-CGWDO,2019-03-28,Refferal,2019-04-27,Premium,Monthly,,,28.49,1406,48,0,neha,India,West Bengal,Female,1980-09-06,2019-06-24 00:00:00,Y,48.0,2.0
0889-BISUM,2021-11-09,Refferal,2022-11-09,Premium,Annual,2022-05-13,Forgot to cancel trial,23.92,2467,70,1,meena,India,Bihar,Female,1968-07-16,2022-05-03 00:00:00,Y,31.0,2.0
0890-VGMEJ,2022-06-10,Organic,2022-07-10,Premium,Monthly,,,34.57,1572,57,0,reyansh,India,Uttar Pradesh,Male,1982-08-17,2022-09-30 00:00:00,N,81.0,3.0
0891-UGVRB,2020-11-16,Refferal,2021-11-16,Standard,Annual,,,18.13,543,64,0,ganesh,Nepal,Pokhara,Male,1979-07-04,2021-05-11 00:00:00,N,40.0,1.0
0892-MFGMF,2021-07-17,Organic,2021-08-16,Premium,Monthly,,,25.06,1244,39,0,rajesh,India,Gujarat,Male,1993-06-06,,,,
0893-KKSWR,2020-07-23,Refferal,2021-07-23,Standard,Annual,2020-12-06,Not enough content,18.35,859,92,1,vikas,India,Odisha,Male,1989-01-26,,,,
0894-DMLXA,2023-09-15,Paid,2023-10-15,Basic,Monthly,,,8.82,256,51,0,sonal,Nepal,Kathmandu,Female,2000-05-21,,,,
0895-BMOLT,2021-07-09,Organic,2022-07-09,Basic,Annual,,,8.39,154,42,0,om,India,Punjab,Male,1977-09-27,,,,
0896-YJNQK,2019-03-22,Paid,2019-04-21,Premium,Monthly,,,33.55,1676,42,0,atharva,India,Punjab,Male,1970-12-24,2019-06-26 00:00:00,N,48.0,3.0
0897-CFHZG,2024-03-06,Organic,2024-04-05,Standard,Monthly,2024-12-31,Poor streaming quality,16.71,976,93,1,vihaan,India,Tamil Nadu,Male,1969-06-07,2024-05-15 00:00:00,N,36.0,2.0
0898-VUEAV,2019-04-16,Organic,2019-05-16,Standard,Monthly,2019-08-19,Switched to competitor,15.9,941,82,1,atharva,India,Nagaland,Male,1988-12-08,2019-08-13 00:00:00,N,20.0,2.0
0899-UGXKD,2022-05-23,Paid,2022-06-22,Basic,Monthly,2022-06-13,Switched to competitor,7.56,274,95,1,prisha,India,Maharashtra,Female,1965-06-13,2022-07-10 00:00:00,Y,16.0,2.0
0900-OJBNW,2020-06-03,Paid,2021-06-03,Premium,Annual,2021-03-25,Switched to competitor,26.51,2215,75,1,nisha,India,Nagaland,Female,1966-02-13,2020-08-25 00:00:00,Y,13.0,2.0
0901-EDQAI,2024-02-15,Refferal,2024-03-16,Premium,Monthly,,,24.34,2113,33,0,sanjay,India,Delhi,Male,1971-05-15,,,,
0902-JARKQ,2022-05-19,Paid,2022-06-18,Premium,Monthly,,,22.13,2617,37,0,diya,India,Meghalaya,Female,1986-02-05,,,,
0903-JDCRI,2023-02-09,Refferal,2024-02-09,Standard,Annual,,,16.38,938,61,0,shaurya,India,Punjab,Male,1998-12-24,,,,
0904-RDMZX,2021-06-16,Refferal,2021-07-16,Premium,Monthly,2021-12-01,Switched to competitor,84.37,2361,83,1,neha,India,Maharashtra,Female,1987-12-07,2021-12-26 00:00:00,N,43.0,3.0
0905-GLLYN,2020-01-19,Organic,2020-02-18,Basic,Monthly,2020-10-11,Too expensive,7.39,235,93,1,advaith,India,Odisha,Male,1983-05-28,2020-02-08 00:00:00,Y,45.0,2.0
0906-JUTZL,2019-07-04,Organic,2020-07-03,Basic,Annual,2019-09-04,Poor streaming quality,9.43,151,97,1,ganesh,India,Odisha,Male,1988-05-17,,,,
0907-DGRFL,2020-11-20,Paid,2020-12-20,Premium,Monthly,2020-12-16,Forgot to cancel trial,26.79,1995,71,1,ritu,India,Maharashtra,Female,1989-04-21,,,,
0908-NRGDC,2020-10-13,Organic,2021-10-13,Premium,Annual,,,24.14,2754,54,0,suresh,India,Nagaland,Male,1988-06-24,2020-12-05 00:00:00,N,91.0,1.0
0909-BFTHK,2023-11-03,Paid,2024-11-02,Standard,Annual,2024-01-27,Not enough content,14.73,554,87,1,pooja,India,Gujarat,Female,1977-09-17,,,,
0910-VSOCN,2020-08-14,Organic,2020-09-13,Standard,Monthly,,,14.69,1043,59,0,harsh,India,Bihar,Male,1991-10-04,2021-02-11 00:00:00,N,48.0,2.0
0911-KEYIL,2022-02-03,Refferal,2023-02-03,Basic,Annual,,,10.28,501,7,0,aarush,India,Nagaland,Male,1999-08-12,,,,
0912-UZIAR,2019-04-24,Paid,2020-04-23,Standard,Annual,2020-01-31,Too expensive,14.11,587,77,1,myra,India,Karnataka,Female,1985-11-04,2019-11-05 00:00:00,N,22.0,3.0
0913-YSATL,2020-06-13,Paid,2021-06-13,Premium,Annual,2021-02-08,Poor streaming quality,20.73,2541,74,1,aalia,Nepal,Lalitpur,Female,2005-12-22,,,,
0914-HVAQI,2020-06-15,Organic,2021-06-15,Premium,Annual,,,35.37,2039,13,0,rohan,India,Telangana,Male,1997-10-31,,,,
0915-TTDLY,2022-12-11,Paid,2023-12-11,Premium,Annual,,,32.52,1466,7,0,divya,Nepal,Lalitpur,Female,1982-08-02,,,,
0916-QLZWL,2022-03-30,Organic,2022-04-29,Standard,Monthly,,,14.07,922,9,0,ritu,India,Bihar,Female,2002-03-24,,,,
0917-HOZZD,2023-12-05,Refferal,2024-12-04,Premium,Annual,,,22.43,1377,43,0,khushi,India,Tamil Nadu,Female,1967-05-29,,,,
0918-GTJJO,2022-08-09,Organic,2022-09-08,Basic,Monthly,,,11.01,463,15,0,vivaan,Nepal,Lalitpur,Male,1995-12-30,,,,
0919-CDGWL,2021-10-26,Organic,2021-11-25,Premium,Monthly,,,28.26,2059,28,0,aalia,India,Tamil Nadu,Female,1987-06-14,,,,
0920-WAWVZ,2019-06-18,Refferal,2019-07-18,Basic,Monthly,,,12.17,210,6,0,sai,India,Kerala,Male,1978-12-14,2019-11-05 00:00:00,N,92.0,3.0
0921-EZFPO,2020-03-05,Paid,2021-03-05,Basic,Annual,,,8.43,534,50,0,sai,India,Gujarat,Male,1966-06-16,2020-09-21 00:00:00,N,66.0,2.0
0922-WEZJS,2023-08-10,Refferal,2024-08-09,Standard,Annual,2024-04-05,Not enough content,18.6,1143,76,1,om,India,Nagaland,Male,1991-02-06,2024-02-21 00:00:00,Y,18.0,3.0
0923-PBFCK,2021-08-20,Organic,2021-09-19,Basic,Monthly,,,11.05,600,43,0,ananya,India,Odisha,Female,1969-12-25,,,,
0924-GMDFI,2024-01-17,Organic,2024-02-16,Standard,Monthly,,,16.73,1189,38,0,aditya,India,Haryana,Male,1990-02-08,,,,
0925-JWNAQ,2024-05-28,Organic,2024-06-27,Basic,Monthly,,,9.33,169,27,0,prisha,India,Meghalaya,Female,1974-07-27,,,,
0926-TOWGR,2020-05-18,Refferal,2021-05-18,Premium,Annual,2020-07-31,Poor streaming quality,31.97,1490,71,1,siddharth,India,Kerala,Male,1967-12-23,,,,
0927-KAYFJ,2019-08-19,Refferal,2019-09-18,Premium,Monthly,,,22.18,1799,17,0,ahana,India,Telangana,Female,1996-07-11,2019-09-20 00:00:00,N,78.0,2.0
0928-DJBMJ,2023-11-02,Paid,2023-12-02,Standard,Monthly,2024-01-16,Not enough content,16.74,595,70,1,shruti,India,Uttar Pradesh,Female,1975-05-15,2024-03-11 00:00:00,N,37.0,1.0
0929-IGITX,2020-11-05,Organic,2020-12-05,Basic,Monthly,,,10.54,541,35,0,krishna,India,Delhi,Male,2005-08-20,2021-05-24 00:00:00,N,78.0,2.0
0930-ETAHH,2019-05-13,Paid,2019-06-12,Basic,Monthly,,,9.75,181,32,0,khushi,India,Bihar,Female,1986-01-07,2019-10-29 00:00:00,N,70.0,2.0
0931-FMHFA,2022-12-16,Paid,2023-01-15,Standard,Monthly,2023-07-20,Forgot to cancel trial,14.24,1076,78,1,suresh,India,Delhi,Male,2002-09-15,2023-04-14 00:00:00,N,26.0,2.0
0932-AQJFM,2024-02-29,Paid,2025-02-28,Standard,Annual,,,17.45,866,16,0,parth,India,West Bengal,Male,1974-05-05,,,,
0933-LNMBX,2019-12-28,Organic,2020-12-27,Standard,Annual,2020-01-25,Forgot to cancel trial,17.88,765,95,1,kabir,India,Odisha,Male,1982-08-25,,,,
0934-DFKCX,2021-04-22,Paid,2021-05-22,Premium,Monthly,,,27.57,2148,24,0,kiran,Nepal,Kathmandu,Female,1979-02-06,2021-08-16 00:00:00,N,77.0,1.0
0935-GUGVM,2019-12-26,Refferal,2020-01-25,Standard,Monthly,,,14.51,576,56,0,sara,India,Telangana,Female,1973-02-01,,,,
0936-XLDMK,2021-04-07,Refferal,2021-05-07,Basic,Monthly,,,9.24,203,64,0,aarush,India,Kerala,Male,1970-02-12,,,,
0937-FWEAE,2023-12-29,Paid,2024-01-28,Premium,Monthly,2024-01-25,Switched to competitor,26.35,1358,87,1,tanvi,India,Maharashtra,Female,1969-04-17,,,,
0938-TXUCY,2020-03-03,Organic,2021-03-03,Standard,Annual,,,14.91,786,17,0,pari,India,Maharashtra,Female,1966-06-24,,,,
0939-WLOUL,2023-03-29,Paid,2024-03-28,Basic,Annual,,,7.93,329,42,0,anand,India,Uttar Pradesh,Male,1990-04-01,,,,
0940-OCPTF,2019-11-24,Refferal,2019-12-24,Standard,Monthly,2020-07-15,Switched to competitor,15.1,1167,94,1,ahana,Nepal,Pokhara,Female,1973-01-31,2020-05-30 00:00:00,N,35.0,2.0
0941-QJFMQ,2021-06-09,Paid,2021-07-09,Standard,Monthly,,,17.73,872,57,0,ananya,India,Maharashtra,Female,1987-09-07,,,,
0942-EORXO,2023-05-10,Paid,2023-06-09,Premium,Monthly,,,20.51,2372,40,0,vijay,India,Rajasthan,Male,1999-08-13,2023-08-12 00:00:00,N,55.0,1.0
0943-EYGBE,2020-11-22,Paid,2021-11-22,Premium,Annual,,,92.83,2389,38,0,priya,India,Karnataka,Female,1970-02-03,,,,
0944-HUQTG,2019-01-15,Refferal,2019-02-14,Standard,Monthly,,,16.81,1051,17,0,aarush,India,Punjab,Male,1972-04-28,2019-07-31 00:00:00,Y,50.0,2.0
0945-IWPDB,2020-09-24,Refferal,2021-09-24,Standard,Annual,,,14.79,515,41,0,kavir,Nepal,Pokhara,Male,1973-11-20,,,,
0946-GCFLQ,2019-07-24,Paid,2020-07-23,Basic,Annual,,,11.33,215,57,0,sanjay,India,Punjab,Male,1985-01-08,,,,
0947-MDWQK,2021-05-21,Organic,2022-05-21,Basic,Annual,,,7.15,442,45,0,diya,India,Meghalaya,Female,1996-06-15,,,,
0948-NGWHE,2020-10-12,Organic,2021-10-12,Basic,Annual,2020-12-19,Not enough content,11.31,221,90,1,arjun,India,Uttar Pradesh,Male,2003-08-01,2021-02-26 00:00:00,N,41.0,1.0
0949-QGPDS,2022-07-10,Refferal,2023-07-10,Premium,Annual,2022-07-28,Not enough content,34.9,2409,99,1,sara,India,Delhi,Female,1987-07-05,2022-11-02 00:00:00,N,34.0,1.0
0950-ZWTPZ,2022-09-24,Paid,2023-09-24,Standard,Annual,,,14.28,1032,35,0,sneha,India,Karnataka,Female,1972-06-11,,,,
0951-JNETE,2019-02-06,Refferal,2020-02-06,Standard,Annual,,,16.4,1174,13,0,kiran,India,Madhya Pradesh,Female,1971-01-21,,,,
0952-YWQIJ,2019-01-18,Organic,2019-02-17,Standard,Monthly,,,17.64,1179,28,0,ahana,India,Rajasthan,Female,1973-03-27,2019-06-22 00:00:00,N,96.0,2.0
0953-QCYUG,2022-05-25,Refferal,2023-05-25,Standard,Annual,2022-12-30,Switched to competitor,14.84,954,83,1,angel,India,Rajasthan,Female,1991-08-25,2022-07-18 00:00:00,Y,40.0,2.0
0954-QAGBT,2019-12-30,Organic,2020-01-29,Standard,Monthly,2020-05-06,Poor streaming quality,18.17,595,88,1,vikas,India,Kerala,Male,1999-03-25,,,,
0955-KANLR,2023-08-29,Organic,2024-08-28,Standard,Annual,,,18.34,900,48,0,meena,India,Nagaland,Female,1995-09-25,,,,
0956-YAOFE,2022-10-10,Organic,2022-11-09,Basic,Monthly,2023-03-06,Not enough content,11.71,208,99,1,kiran,India,Haryana,Female,1994-07-25,,,,
0957-HYSKH,2022-09-10,Paid,2023-09-10,Standard,Annual,,,18.75,532,47,0,myra,India,Telangana,Female,1985-08-16,2023-02-16 00:00:00,Y,79.0,2.0
0958-MWCOA,2019-03-26,Organic,2020-03-25,Premium,Annual,,,23.5,2780,52,0,sunil,India,Telangana,Male,1972-09-26,,,,
0959-FIUUN,2023-05-02,Refferal,2024-05-01,Premium,Annual,,,23.6,1480,39,0,tanvi,India,Maharashtra,Female,1972-06-04,2023-11-10 00:00:00,N,44.0,3.0
0960-WQITG,2022-05-20,Organic,2022-06-19,Premium,Monthly,,,32.49,1359,30,0,vikram,India,Uttar Pradesh,Male,1979-05-31,2022-11-06 00:00:00,N,87.0,2.0
0961-GFBSC,2019-09-27,Refferal,2020-09-26,Basic,Annual,,,9.41,564,53,0,sneha,India,Gujarat,Female,2005-03-13,2020-01-05 00:00:00,N,87.0,3.0
0962-OCUIB,2019-03-10,Paid,2019-04-09,Basic,Monthly,,,11.23,377,30,0,sonal,India,Tamil Nadu,Female,1975-08-06,,,,
0963-GAMLF,2020-01-10,Refferal,2020-02-09,Standard,Monthly,,,16.04,986,44,0,shweta,India,Nagaland,Female,1989-08-01,2020-06-20 00:00:00,Y,72.0,1.0
0964-NNINI,2022-10-24,Organic,2023-10-24,Standard,Annual,,,14.11,822,43,0,siddharth,India,Telangana,Male,1990-09-09,2023-04-18 00:00:00,N,76.0,1.0
0965-DDLGW,2019-03-02,Paid,2020-03-01,Basic,Annual,,,8.11,181,28,0,navya,India,Punjab,Female,1995-08-18,,,,
0966-PZXAE,2023-07-30,Refferal,2023-08-29,Standard,Monthly,,,14.59,657,23,0,rajesh,India,Delhi,Male,1995-03-09,,,,
0967-UUGCT,2022-04-17,Paid,2022-05-17,Basic,Monthly,,,8.23,506,46,0,alok,India,Tamil Nadu,Male,1992-05-25,,,,
0968-GWRGI,2022-05-11,Organic,2022-06-10,Premium,Monthly,2023-02-21,Too expensive,25.43,1588,78,1,ayan,India,Haryana,Male,1985-03-03,2022-11-17 00:00:00,N,36.0,3.0
0969-NYKJQ,2023-04-03,Organic,2023-05-03,Standard,Monthly,,,17.24,758,40,0,abhishek,India,Odisha,Male,1991-01-06,,,,
0970-RXRCA,2021-04-24,Refferal,2022-04-24,Basic,Annual,2022-02-09,Switched to competitor,9.67,174,86,1,pari,India,Karnataka,Female,1991-11-16,,,,
0971-YBEDE,2020-10-30,Organic,2020-11-29,Standard,Monthly,,,14.73,1019,64,0,sonal,India,Tamil Nadu,Female,2002-05-13,2021-02-20 00:00:00,N,83.0,3.0
0972-SWKCU,2020-05-06,Refferal,2020-06-05,Standard,Monthly,,,14.27,679,29,0,meena,India,Karnataka,Female,1988-10-16,2020-10-19 00:00:00,N,81.0,2.0
0973-INVMA,2020-09-02,Organic,2021-09-02,Basic,Annual,,,9.44,159,63,0,aarav,India,Tamil Nadu,Male,2001-05-11,,,,
0974-YLGEX,2019-01-02,Organic,2020-01-02,Basic,Annual,,,9.24,218,60,0,meena,India,Karnataka,Female,1976-03-18,,,,
0975-BJSLN,2022-10-23,Organic,2022-11-22,Standard,Monthly,,,18.13,778,60,0,dev,India,Bihar,Male,2000-06-05,,,,
0976-DJSLM,2024-05-21,Organic,2024-06-20,Standard,Monthly,,,14.18,912,41,0,khushi,India,Punjab,Female,1983-06-11,,,,
0977-ZKPDP,2021-03-03,Organic,2021-04-02,Standard,Monthly,2021-10-07,Switched to competitor,16.81,631,83,1,anvi,India,Karnataka,Female,1976-07-05,,,,
0978-OKEIP,2023-02-13,Paid,2024-02-13,Premium,Annual,,,28.23,2123,26,0,sanjay,India,Uttar Pradesh,Male,1974-08-30,,,,
0979-LHGNB,2023-03-08,Organic,2023-04-07,Basic,Monthly,2023-04-26,Not enough content,12.94,356,70,1,isha,India,Nagaland,Female,1979-09-08,2023-09-18 00:00:00,N,24.0,3.0
0980-WTOFD,2021-08-20,Organic,2021-09-19,Premium,Monthly,,,29.8,1870,27,0,manish,India,Madhya Pradesh,Male,1979-06-02,2022-02-11 00:00:00,N,48.0,3.0
0981-VAYZL,2022-03-10,Refferal,2022-04-09,Premium,Monthly,2022-05-07,Poor streaming quality,35.79,2293,70,1,ganesh,India,Punjab,Male,1970-08-12,2022-07-07 00:00:00,N,36.0,1.0
0982-YLIMT,2020-10-13,Organic,2020-11-12,Premium,Monthly,,,23.1,1846,9,0,aadhya,India,Tamil Nadu,Female,1987-01-06,2021-02-20 00:00:00,N,81.0,2.0
0983-FCORZ,2020-02-01,Organic,2021-01-31,Basic,Annual,2020-07-23,Not enough content,8.13,524,79,1,dev,India,Delhi,Male,1991-07-03,2020-03-09 00:00:00,N,30.0,3.0
0984-XXRMI,2024-05-22,Refferal,2024-06-21,Premium,Monthly,,,29.48,1920,65,0,deepak,India,Kerala,Male,1969-01-11,2024-11-29 00:00:00,N,46.0,3.0
0985-XLHUK,2023-08-09,Paid,2023-09-08,Basic,Monthly,2023-08-30,Not enough content,8.7,450,96,1,saanvi,India,Nagaland,Female,1982-11-14,2024-01-15 00:00:00,N,44.0,2.0
0986-EUAFJ,2022-01-19,Refferal,2023-01-19,Premium,Annual,,,35.17,2620,45,0,om,India,Odisha,Male,1981-09-04,,,,
0987-ODIPI,2020-12-02,Refferal,2021-12-02,Basic,Annual,,,8.19,247,32,0,shruti,India,Telangana,Female,2003-11-22,2021-04-14 00:00:00,N,97.0,1.0
0988-TVMNZ,2022-05-12,Refferal,2022-06-11,Premium,Monthly,,,33.42,2488,21,0,pari,India,Karnataka,Female,1995-06-25,,,,
0989-CFWDK,2020-12-03,Organic,2021-12-03,Basic,Annual,2021-07-12,Switched to competitor,8.11,211,90,1,reyansh,India,Gujarat,Male,1989-10-31,2021-06-01 00:00:00,N,20.0,2.0
0990-MYJHM,2019-06-13,Paid,2019-07-13,Standard,Monthly,,,15.94,575,39,0,alok,India,Meghalaya,Male,1993-09-26,2019-11-12 00:00:00,Y,96.0,1.0
0991-UZDKG,2019-05-31,Refferal,2020-05-30,Basic,Annual,,,7.77,398,61,0,aadhya,India,Maharashtra,Female,1971-03-09,,,,
0992-FKKIV,2021-01-29,Organic,2021-02-28,Premium,Monthly,,,28.48,2525,20,0,saanvi,India,Punjab,Female,1975-09-16,,,,
0993-QPAFB,2019-10-05,Organic,2020-10-04,Standard,Annual,,,14.78,704,32,0,shaurya,India,Uttar Pradesh,Male,1993-09-01,,,,
0994-OSJWO,2020-12-15,Paid,2021-12-15,Premium,Annual,,,25.14,2490,11,0,vikram,India,Haryana,Male,1966-12-06,2021-06-29 00:00:00,N,78.0,2.0
0995-NDAOS,2023-04-10,Paid,2024-04-09,Standard,Annual,,,14.77,671,46,0,sneha,India,Odisha,Female,1974-06-25,,,,
0996-DQBSJ,2021-05-16,Organic,2022-05-16,Basic,Annual,,,8.77,592,51,0,amit,India,Haryana,Male,2002-09-12,,,,
0997-XAFUB,2020-04-16,Refferal,2020-05-16,Standard,Monthly,,,16.48,596,6,0,ananya,India,Telangana,Female,1995-07-18,2020-09-14 00:00:00,Y,48.0,2.0
0998-PHOBJ,2024-02-23,Paid,2024-03-24,Standard,Monthly,,,17.6,626,50,0,sunita,India,West Bengal,Female,1996-02-24,2024-08-29 00:00:00,N,53.0,3.0
0999-IXOFI,2021-02-05,Refferal,2022-02-05,Basic,Annual,,,11.62,274,47,0,kavya,India,Bihar,Female,1982-10-06,,,,
1000-MTOGA,2020-05-10,Organic,2020-06-09,Basic,Monthly,,,11.13,459,16,0,vikas,India,Maharashtra,Male,1992-01-27,,,,
1001-DOWHB,2021-02-09,Refferal,2021-03-11,Standard,Monthly,,,14.82,984,42,0,rudra,India,Rajasthan,Male,2001-07-31,,,,
1002-ESWQB,2019-05-14,Paid,2019-06-13,Basic,Monthly,,,11.56,239,21,0,abhishek,India,Nagaland,Male,1976-04-11,2019-09-22 00:00:00,N,78.0,2.0
1003-IICVR,2022-06-28,Organic,2022-07-28,Premium,Monthly,,,35.34,1207,28,0,siddharth,India,Bihar,Male,1979-07-08,,,,
1004-ZFEUL,2021-04-28,Refferal,2021-05-28,Standard,Monthly,,,16.0,805,4,0,krishna,India,Bihar,Male,1985-12-11,,,,
1005-LFJGU,2019-06-23,Refferal,2019-07-23,Premium,Monthly,2020-03-17,Not enough content,27.56,2690,98,1,ritu,India,Odisha,Female,2000-09-18,2019-10-17 00:00:00,N,33.0,3.0
1006-VABSE,2020-08-02,Refferal,2021-08-02,Standard,Annual,,,15.57,997,16,0,meena,India,Gujarat,Female,1983-06-20,2021-01-04 00:00:00,N,76.0,1.0
1007-TVSVP,2023-12-26,Paid,2024-12-25,Basic,Annual,,,12.19,455,45,0,kabir,India,Odisha,Male,1984-03-02,2024-07-08 00:00:00,Y,77.0,2.0
1008-XCCSP,2024-03-25,Paid,2024-04-24,Standard,Monthly,2024-11-18,Too expensive,14.07,574,84,1,yash,India,Nagaland,Male,1979-10-14,2024-08-28 00:00:00,N,29.0,1.0
1009-HVYEK,2021-12-13,Organic,2022-01-12,Basic,Monthly,,,9.69,479,33,0,shalini,India,Delhi,Female,2003-01-03,2022-06-23 00:00:00,Y,86.0,3.0
1010-OJHTO,2022-06-30,Paid,2023-06-30,Basic,Annual,2023-02-27,Too expensive,12.29,427,70,1,meena,India,West Bengal,Female,1988-02-12,2022-07-17 00:00:00,N,13.0,1.0
1011-KJDCI,2024-04-23,Paid,2025-04-23,Standard,Annual,,,17.75,867,25,0,divya,India,Haryana,Female,1977-06-18,2024-07-02 00:00:00,N,57.0,1.0
1012-AKLNV,2020-06-06,Paid,2020-07-06,Basic,Monthly,,,8.04,281,19,0,aarush,India,Kerala,Male,1968-03-14,2020-11-08 00:00:00,N,99.0,3.0
1013-ZAUVV,2023-12-12,Refferal,2024-12-11,Standard,Annual,,,14.76,717,29,0,om,India,Maharashtra,Male,1975-12-31,2024-06-11 00:00:00,N,43.0,1.0
1014-PNAPW,2022-07-30,Organic,2023-07-30,Premium,Annual,,,27.75,2379,11,0,pranav,India,Maharashtra,Male,1991-03-12,,,,
1015-IDGFK,2023-03-24,Paid,2024-03-23,Standard,Annual,,,18.93,514,34,0,preeti,India,West Bengal,Female,1966-11-24,,,,
1016-YORXP,2020-05-28,Paid,2020-06-27,Premium,Monthly,,,33.94,1677,25,0,krishna,India,Haryana,Male,1965-01-18,,,,
1017-PTIHV,2022-02-28,Refferal,2023-02-28,Premium,Annual,,,27.35,2094,42,0,ramesh,India,Tamil Nadu,Male,1971-11-22,,,,
1018-YRBXT,2023-09-15,Refferal,2024-09-14,Premium,Annual,,,28.31,2253,20,0,advik,India,Odisha,Male,1998-11-07,2023-11-02 00:00:00,N,67.0,2.0
1019-TJOST,2020-03-05,Organic,2021-03-05,Basic,Annual,,,11.19,346,56,0,ramesh,India,Madhya Pradesh,Male,1978-02-14,,,,
1020-RQRJZ,2023-12-21,Paid,2024-12-20,Standard,Annual,,,16.81,924,40,0,ramesh,India,Meghalaya,Male,1978-03-25,,,,
1021-YYGLD,2023-12-16,Organic,2024-01-15,Standard,Monthly,2024-08-06,Not enough content,17.39,1086,92,1,myra,India,Odisha,Female,1990-12-26,,,,
1022-SQLRO,2021-05-11,Paid,2022-05-11,Standard,Annual,2022-02-28,Forgot to cancel trial,15.0,1037,96,1,divya,India,Gujarat,Female,1968-03-02,2021-11-23 00:00:00,Y,42.0,2.0
1023-POHNP,2021-06-26,Paid,2021-07-26,Premium,Monthly,,,20.36,1234,28,0,ahana,India,Telangana,Female,1987-09-05,2021-11-29 00:00:00,N,46.0,1.0
1024-CQRAW,2022-08-18,Refferal,2023-08-18,Premium,Annual,2022-09-15,Poor streaming quality,32.54,2770,95,1,anand,India,Nagaland,Male,1971-12-10,2022-11-30 00:00:00,N,12.0,2.0
1025-MDOKP,2021-06-13,Refferal,2022-06-13,Premium,Annual,,,34.42,1696,5,0,advaith,India,Odisha,Male,1994-09-24,,,,
1026-INKNS,2021-06-24,Organic,2021-07-24,Basic,Monthly,,,12.03,486,16,0,advik,India,Bihar,Male,1965-08-06,2021-10-19 00:00:00,N,42.0,2.0
1027-DCMPW,2021-11-08,Refferal,2021-12-08,Basic,Monthly,2022-07-28,Switched to competitor,12.82,309,98,1,manish,India,Gujarat,Male,1976-10-25,,,,
1028-TYZUW,2023-08-05,Refferal,2023-09-04,Premium,Monthly,,,20.59,2122,37,0,vikram,India,Bihar,Male,1970-02-09,2023-10-08 00:00:00,N,59.0,1.0
1029-JNGZO,2023-01-26,Paid,2024-01-26,Basic,Annual,,,7.39,261,42,0,ananya,India,Uttar Pradesh,Female,2001-10-04,2023-08-13 00:00:00,N,82.0,1.0
1030-WJYJS,2021-11-08,Paid,2021-12-08,Premium,Monthly,,,20.59,1381,26,0,vijay,India,Meghalaya,Male,1994-09-21,,,,
1031-RQZFE,2022-01-05,Organic,2023-01-05,Standard,Annual,,,14.11,977,22,0,siddharth,India,Kerala,Male,1968-02-05,2022-07-15 00:00:00,Y,87.0,2.0
1032-OQXMT,2024-01-13,Organic,2024-02-12,Premium,Monthly,2024-06-22,Switched to competitor,30.62,2330,96,1,rahul,India,Maharashtra,Male,1980-02-08,2024-07-16 00:00:00,N,45.0,2.0
1033-SVHTD,2019-02-28,Organic,2020-02-28,Premium,Annual,,,25.56,1260,44,0,alok,India,Uttar Pradesh,Male,1974-01-11,,,,
1034-SEOEJ,2019-01-04,Organic,2020-01-04,Premium,Annual,,,26.3,1556,61,0,myra,India,Punjab,Female,1983-08-22,2019-02-12 00:00:00,N,54.0,1.0
1035-POBZS,2019-07-12,Paid,2020-07-11,Premium,Annual,,,21.14,1823,28,0,sonal,India,Haryana,Female,1986-11-26,2019-10-14 00:00:00,Y,59.0,2.0
1036-XLHWJ,2021-02-16,Organic,2021-03-18,Premium,Monthly,,,29.34,2705,27,0,ayan,India,Uttar Pradesh,Male,1986-12-18,,,,
1037-QJTQM,2019-04-03,Organic,2019-05-03,Premium,Monthly,,,25.16,2721,24,0,anita,India,Gujarat,Female,2001-06-03,2019-07-19 00:00:00,N,51.0,3.0
1038-XFAMG,2021-02-04,Refferal,2022-02-04,Standard,Annual,2021-04-18,Not enough content,16.89,702,72,1,arjun,India,Kerala,Male,1977-05-19,2021-06-21 00:00:00,N,30.0,3.0
1039-LQLNB,2024-05-30,Organic,2024-06-29,Standard,Monthly,,,15.02,586,63,0,shalini,India,Nagaland,Female,1997-06-09,2024-09-22 00:00:00,N,66.0,1.0
1040-QYAUC,2020-09-08,Organic,2021-09-08,Standard,Annual,,,18.18,916,44,0,diya,India,Punjab,Female,1993-04-20,,,,
1041-DLPFY,2019-01-26,Paid,2019-02-25,Basic,Monthly,2019-09-19,Not enough content,8.1,177,86,1,rohan,India,Rajasthan,Male,1996-09-14,,,,
1042-ISRXD,2019-03-17,Organic,2020-03-16,Basic,Annual,,,8.53,528,12,0,diya,India,Meghalaya,Female,1966-03-24,2019-07-08 00:00:00,N,53.0,2.0
1043-HAIWP,2019-07-15,Refferal,2019-08-14,Basic,Monthly,,,7.67,256,22,0,yash,India,Kerala,Male,1981-12-12,2019-10-21 00:00:00,Y,64.0,3.0
1044-IWRIF,2019-12-21,Paid,2020-12-20,Standard,Annual,,,14.96,678,49,0,rajesh,India,Tamil Nadu,Male,1992-05-03,,,,
1045-YGTQM,2020-12-30,Paid,2021-01-29,Standard,Monthly,,,17.43,892,28,0,anay,India,Kerala,Male,1972-12-15,,,,
1046-IWGTK,2021-05-02,Paid,2021-06-01,Standard,Monthly,2021-11-22,Too expensive,16.35,878,82,1,rohan,India,Odisha,Male,1967-09-20,2021-11-07 00:00:00,N,24.0,2.0
1047-FPRYD,2023-03-27,Paid,2024-03-26,Premium,Annual,2023-12-01,Poor streaming quality,22.4,2172,90,1,saanvi,India,Telangana,Female,2004-05-11,,,,
1048-OFHYH,2023-05-27,Organic,2024-05-26,Premium,Annual,,,28.6,2163,18,0,shalini,India,Uttar Pradesh,Female,1994-12-31,,,,
1049-TTUCC,2022-09-05,Organic,2023-09-05,Basic,Annual,,,7.17,161,16,0,abhishek,India,Delhi,Male,1969-07-22,,,,
1050-JMEVA,2024-01-26,Refferal,2024-02-25,Premium,Monthly,,,34.33,1763,10,0,anay,India,Haryana,Male,2001-07-16,2024-04-13 00:00:00,N,52.0,1.0
1051-ULEQV,2020-02-25,Organic,2020-03-26,Standard,Monthly,,,14.68,1099,40,0,siddharth,India,Tamil Nadu,Male,1980-06-14,,,,
1052-HFVGW,2023-01-11,Paid,2024-01-11,Basic,Annual,,,10.71,381,4,0,yash,India,Haryana,Male,1996-07-07,,,,
1053-XFIPA,2022-03-08,Refferal,2023-03-08,Premium,Annual,2022-08-09,Not enough content,29.35,1366,77,1,diya,India,Maharashtra,Female,1970-02-05,2022-08-04 00:00:00,N,26.0,3.0
1054-SYWMF,2022-03-30,Refferal,2022-04-29,Basic,Monthly,,,7.28,309,62,0,kabir,India,Delhi,Male,1969-08-27,2022-05-12 00:00:00,N,93.0,1.0
1055-WYKOA,2020-06-12,Refferal,2021-06-12,Standard,Annual,,,16.76,659,16,0,ganesh,India,Uttar Pradesh,Male,1978-02-05,2020-10-03 00:00:00,Y,70.0,1.0
1056-MYPFO,2023-12-15,Organic,2024-12-14,Basic,Annual,,,8.21,219,9,0,sai,India,Madhya Pradesh,Male,1969-06-09,,,,
1057-IWADX,2019-06-30,Paid,2019-07-30,Basic,Monthly,,,7.79,423,43,0,shaurya,Nepal,Lalitpur,Male,1989-12-04,2019-11-06 00:00:00,N,44.0,1.0
1058-ZMNMH,2019-06-13,Organic,2020-06-12,Standard,Annual,,,17.06,613,27,0,prisha,India,Uttar Pradesh,Female,1989-11-09,2019-08-30 00:00:00,Y,81.0,3.0
1059-FBPLR,2020-10-23,Organic,2021-10-23,Premium,Annual,,,24.98,1484,21,0,navya,India,Gujarat,Female,2001-07-10,,,,
1060-VYMOS,2021-11-03,Refferal,2021-12-03,Basic,Monthly,,,7.17,204,43,0,preeti,India,Kerala,Female,1984-02-09,,,,
1061-ILYXF,2021-07-07,Refferal,2021-08-06,Standard,Monthly,2022-01-23,Poor streaming quality,14.77,913,90,1,shalini,India,Meghalaya,Female,2003-03-17,2021-11-10 00:00:00,Y,12.0,1.0
1062-HZXCF,2023-06-01,Refferal,2024-05-31,Basic,Annual,,,12.25,151,65,0,shalini,India,Haryana,Female,2003-08-19,,,,
1063-KPRZU,2020-01-29,Refferal,2020-02-28,Basic,Monthly,,,9.1,555,11,0,sunil,India,Meghalaya,Male,1965-05-07,2020-04-26 00:00:00,N,73.0,3.0
1064-JPPAH,2020-04-12,Paid,2020-05-12,Premium,Monthly,2020-10-04,Too expensive,21.84,2566,97,1,om,India,Gujarat,Male,1985-04-17,2020-05-24 00:00:00,Y,43.0,2.0
1065-DSRYO,2019-02-05,Organic,2019-03-07,Standard,Monthly,,,14.5,794,48,0,vijay,India,Odisha,Male,1975-10-12,,,,
1066-GCITU,2020-08-12,Refferal,2020-09-11,Premium,Monthly,,,20.57,2244,62,0,harsh,India,Madhya Pradesh,Male,1989-12-05,,,,
1067-AFIZO,2022-09-29,Organic,2022-10-29,Basic,Monthly,,,11.93,467,48,0,abhishek,Nepal,Pokhara,Male,1990-01-17,,,,
1068-YXVKO,2022-04-28,Refferal,2023-04-28,Premium,Annual,2022-05-13,Poor streaming quality,32.28,1769,98,1,priya,India,Kerala,Female,1987-02-12,2022-09-13 00:00:00,N,44.0,3.0
1069-ILGTJ,2021-05-06,Refferal,2021-06-05,Standard,Monthly,2021-09-10,Switched to competitor,16.93,1065,81,1,sai,India,Meghalaya,Male,1984-12-04,2021-08-21 00:00:00,N,20.0,3.0
1070-HETXE,2020-09-22,Organic,2021-09-22,Standard,Annual,,,15.22,907,23,0,shalini,India,Karnataka,Female,1977-04-15,,,,
1071-IHYYJ,2021-07-15,Organic,2021-08-14,Basic,Monthly,,,8.32,223,24,0,tanvi,India,Maharashtra,Female,1972-04-10,,,,
1072-HEFCQ,2022-05-24,Paid,2023-05-24,Basic,Annual,,,12.42,503,8,0,manish,India,Karnataka,Male,1977-07-16,,,,
1073-CHEDD,2022-04-24,Organic,2023-04-24,Standard,Annual,,,17.01,986,56,0,angel,India,Rajasthan,Female,2005-08-09,2022-05-31 00:00:00,N,88.0,1.0
1074-ZDFEB,2019-04-10,Organic,2019-05-10,Premium,Monthly,,,23.89,1662,34,0,aadhya,India,Karnataka,Female,1983-10-02,2019-04-15 00:00:00,Y,41.0,1.0
1075-SQLJE,2023-02-24,Paid,2024-02-24,Premium,Annual,,,24.94,2386,54,0,anita,India,Gujarat,Female,1996-05-27,,,,
1076-FHUSZ,2024-02-20,Refferal,2024-03-21,Standard,Monthly,,,15.65,796,21,0,advaith,India,Punjab,Male,1994-03-14,,,,
1077-LUDHT,2021-05-26,Paid,2022-05-26,Standard,Annual,,,14.28,681,44,0,abhishek,India,Nagaland,Male,1968-08-08,,,,
1078-KDUEC,2019-05-03,Organic,2019-06-02,Basic,Monthly,,,7.41,208,43,0,shweta,India,Haryana,Female,1994-09-15,,,,
1079-YAQML,2020-12-29,Refferal,2021-01-28,Basic,Monthly,,,12.2,343,36,0,saanvi,India,Telangana,Female,1995-09-06,,,,
1080-QJFMC,2021-07-17,Paid,2021-08-16,Premium,Monthly,2021-09-07,Too expensive,32.03,2627,77,1,vijay,India,Maharashtra,Male,1966-10-19,2021-10-27 00:00:00,N,18.0,2.0
1081-TNGMO,2024-01-09,Organic,2024-02-08,Basic,Monthly,,,7.56,548,58,0,aarti,India,Delhi,Female,2004-07-31,2024-04-13 00:00:00,Y,67.0,2.0
1082-WJUMZ,2021-01-18,Refferal,2022-01-18,Standard,Annual,,,18.64,895,65,0,sneha,India,Uttar Pradesh,Female,1986-12-08,,,,
1083-NNPEH,2020-10-06,Organic,2021-10-06,Premium,Annual,,,22.06,1869,62,0,sunita,India,Maharashtra,Female,1978-10-07,2020-11-16 00:00:00,N,43.0,1.0
1084-TTWSE,2020-06-11,Refferal,2021-06-11,Basic,Annual,2021-01-02,Switched to competitor,7.43,444,83,1,rudra,India,Bihar,Male,1991-03-19,2020-08-29 00:00:00,N,39.0,1.0
1085-ZRWRS,2021-02-04,Organic,2022-02-04,Premium,Annual,2021-11-17,Too expensive,30.48,1616,89,1,sneha,Nepal,Lalitpur,Female,1990-06-12,2021-07-01 00:00:00,N,19.0,2.0
1086-YSHBX,2022-07-14,Organic,2022-08-13,Premium,Monthly,,,81.01,1483,55,0,meena,India,Bihar,Female,1965-07-12,2023-01-19 00:00:00,N,58.0,1.0
1087-XDVUW,2022-10-15,Refferal,2023-10-15,Basic,Annual,2023-08-02,Forgot to cancel trial,12.67,410,92,1,pranav,Nepal,Kathmandu,Male,1983-12-21,,,,
1088-QSJWQ,2019-09-30,Organic,2020-09-29,Standard,Annual,2019-12-28,Not enough content,15.39,553,76,1,isha,India,Haryana,Female,2004-04-29,,,,
1089-COFBQ,2020-12-07,Refferal,2021-01-06,Premium,Monthly,,,34.03,2272,39,0,arjun,India,West Bengal,Male,1978-02-02,,,,
1090-SAGBH,2020-11-27,Organic,2020-12-27,Standard,Monthly,,,14.94,1149,20,0,saanvi,India,Punjab,Female,1982-04-09,,,,
1091-FIINF,2019-08-14,Paid,2020-08-13,Premium,Annual,2020-04-21,Switched to competitor,24.19,2445,98,1,reyansh,India,Odisha,Male,1979-04-04,,,,
1092-SQFSL,2021-11-25,Paid,2021-12-25,Basic,Monthly,,,10.4,390,27,0,rohan,India,Punjab,Male,1984-01-13,,,,
1093-PSFFK,2022-01-03,Organic,2023-01-03,Basic,Annual,,,8.52,479,40,0,pari,India,Maharashtra,Female,1979-12-07,2022-04-30 00:00:00,N,74.0,2.0
1094-PPTEE,2022-10-27,Paid,2023-10-27,Standard,Annual,,,16.13,996,16,0,ira,India,Madhya Pradesh,Female,1980-01-14,2022-11-02 00:00:00,Y,72.0,1.0
1095-FXMMJ,2019-05-06,Organic,2020-05-05,Basic,Annual,,,12.24,339,30,0,kabir,India,Kerala,Male,2001-05-19,2019-05-12 00:00:00,N,69.0,1.0
1096-YAXYD,2023-09-26,Organic,2024-09-25,Standard,Annual,2024-06-23,Not enough content,16.34,618,94,1,kartik,India,Uttar Pradesh,Male,1989-12-03,2024-03-26 00:00:00,N,42.0,1.0
1097-FUBLC,2021-09-28,Organic,2021-10-28,Standard,Monthly,,,17.68,995,47,0,vihaan,India,Gujarat,Male,1971-04-27,,,,
1098-ZCQYS,2021-06-08,Paid,2022-06-08,Standard,Annual,,,17.84,916,41,0,myra,India,Madhya Pradesh,Female,1969-11-10,,,,
1099-RNGHG,2023-09-16,Paid,2023-10-16,Premium,Monthly,,,26.07,1601,42,0,ganesh,India,Meghalaya,Male,1972-03-30,2024-04-02 00:00:00,Y,79.0,3.0
1100-MGBCM,2019-07-16,Organic,2019-08-15,Standard,Monthly,,,17.53,655,4,0,sai,India,West Bengal,Male,1966-09-01,,,,
1101-DJOFG,2021-10-21,Refferal,2021-11-20,Standard,Monthly,,,16.45,591,9,0,priya,India,Telangana,Female,1974-11-25,2022-02-23 00:00:00,N,92.0,2.0
1102-YZKHV,2021-05-16,Paid,2021-06-15,Premium,Monthly,,,22.26,1882,59,0,vivaan,India,Delhi,Male,1987-03-14,,,,
1103-ESRHB,2019-06-26,Paid,2020-06-25,Basic,Annual,2019-12-31,Not enough content,8.91,451,94,1,dev,India,Meghalaya,Male,1965-12-07,2019-11-04 00:00:00,N,35.0,1.0
1104-SWSFG,2019-04-27,Refferal,2019-05-27,Premium,Monthly,2019-12-25,Forgot to cancel trial,20.83,2405,87,1,riya,India,Telangana,Female,2001-06-01,2019-07-20 00:00:00,N,44.0,1.0
1105-EQYIY,2023-02-23,Organic,2023-03-25,Standard,Monthly,,,17.52,1148,30,0,ranveer,India,Rajasthan,Male,1993-01-13,2023-07-09 00:00:00,N,45.0,2.0
1106-ZRLBW,2023-11-21,Paid,2023-12-21,Basic,Monthly,,,12.95,591,5,0,swati,India,Gujarat,Female,1999-07-02,,,,
1107-RYRTA,2019-07-13,Refferal,2019-08-12,Premium,Monthly,2020-01-26,Switched to competitor,24.92,2441,83,1,nisha,India,Bihar,Female,1992-10-03,2019-11-21 00:00:00,N,18.0,2.0
1108-OYKGO,2022-08-03,Organic,2023-08-03,Standard,Annual,2023-03-28,Poor streaming quality,14.85,662,83,1,ananya,India,Punjab,Female,2004-06-08,,,,
1109-ASFQC,2020-05-10,Paid,2020-06-09,Basic,Monthly,,,8.93,468,32,0,pooja,India,Maharashtra,Female,1985-10-21,2020-10-16 00:00:00,N,64.0,2.0
1110-JTAAB,2021-03-04,Paid,2022-03-04,Premium,Annual,,,29.31,1484,63,0,myra,India,Nagaland,Female,2005-01-04,,,,
1111-WJCNC,2021-01-09,Organic,2021-02-08,Premium,Monthly,,,29.65,2417,14,0,dhruv,India,Karnataka,Male,1967-07-08,,,,
1112-LVMQZ,2019-07-28,Refferal,2019-08-27,Standard,Monthly,,,17.16,565,28,0,harsh,India,Meghalaya,Male,1991-06-14,,,,
1113-AHOZK,2021-04-15,Refferal,2021-05-15,Basic,Monthly,,,10.79,158,59,0,ira,Nepal,Kathmandu,Female,1975-03-10,2021-09-30 00:00:00,Y,100.0,2.0
1114-QLGUL,2021-10-10,Refferal,2021-11-09,Premium,Monthly,,,32.19,2558,26,0,deepak,India,Tamil Nadu,Male,1966-02-12,,,,
1115-RXGSO,2020-03-24,Paid,2021-03-24,Premium,Annual,,,21.04,2078,65,0,riya,India,Tamil Nadu,Female,1976-05-10,,,,
1116-VJWFT,2020-04-13,Refferal,2021-04-13,Premium,Annual,,,28.74,1527,56,0,shalini,India,Tamil Nadu,Female,1990-03-11,,,,
1117-LKHIE,2024-01-20,Refferal,2025-01-19,Basic,Annual,,,7.94,483,54,0,shweta,India,Madhya Pradesh,Female,1965-03-16,,,,
1118-FVGGZ,2020-10-15,Organic,2021-10-15,Premium,Annual,,,20.5,1751,13,0,isha,India,Karnataka,Female,1980-12-21,,,,
1119-ALHXT,2024-02-01,Organic,2025-01-31,Standard,Annual,,,17.16,853,65,0,vikas,India,Bihar,Male,1985-01-16,,,,
1120-GYBDO,2020-09-06,Paid,2020-10-06,Premium,Monthly,2020-10-24,Too expensive,22.95,1838,77,1,myra,India,Meghalaya,Female,1995-11-30,2021-03-22 00:00:00,N,31.0,3.0
1121-DROHW,2021-06-08,Refferal,2022-06-08,Basic,Annual,2022-03-18,Not enough content,11.83,326,71,1,sneha,India,Bihar,Female,2001-08-27,2021-12-13 00:00:00,N,32.0,3.0
1122-ICRYI,2024-03-06,Paid,2024-04-05,Standard,Monthly,,,14.92,610,15,0,pooja,India,Uttar Pradesh,Female,1995-11-22,2024-06-17 00:00:00,Y,93.0,2.0
1123-JLSWE,2020-06-11,Refferal,2020-07-11,Premium,Monthly,2020-07-26,Poor streaming quality,35.6,2003,88,1,kavya,India,Rajasthan,Female,1998-10-16,2020-08-16 00:00:00,Y,25.0,2.0
1124-IAIQP,2024-04-24,Organic,2024-05-24,Standard,Monthly,,,17.9,1043,36,0,krishna,India,Haryana,Male,1984-10-08,,,,
1125-IIYRQ,2023-10-26,Refferal,2023-11-25,Premium,Monthly,2024-07-08,Not enough content,22.8,1419,74,1,ishaan,India,Uttar Pradesh,Male,1982-12-23,2024-05-01 00:00:00,N,11.0,2.0
1126-QFCWF,2019-06-23,Organic,2019-07-23,Premium,Monthly,,,35.69,1443,9,0,saanvi,India,Kerala,Female,1975-02-04,2019-11-29 00:00:00,Y,97.0,2.0
1127-VXFEC,2021-09-28,Organic,2021-10-28,Basic,Monthly,2021-11-20,Not enough content,7.58,431,88,1,ira,India,Delhi,Female,1998-05-11,,,,
1128-LMUJO,2023-02-25,Refferal,2023-03-27,Standard,Monthly,,,18.31,557,23,0,nisha,India,Tamil Nadu,Female,1980-07-14,2023-03-03 00:00:00,Y,81.0,1.0
1129-TNOOA,2021-03-29,Paid,2022-03-29,Basic,Annual,2021-07-27,Not enough content,8.42,548,70,1,dhruv,India,Karnataka,Male,1972-08-18,,,,
1130-RHBSD,2023-08-28,Refferal,2023-09-27,Standard,Monthly,,,14.85,549,23,0,richa,India,Karnataka,Female,1968-05-22,2023-11-12 00:00:00,N,46.0,1.0
1131-IDCNO,2023-12-11,Refferal,2024-12-10,Premium,Annual,2023-12-30,Too expensive,21.93,2041,96,1,saanvi,India,Telangana,Female,1995-09-26,,,,
1132-RQSZT,2020-01-13,Organic,2020-02-12,Basic,Monthly,,,9.11,191,48,0,ramesh,India,Tamil Nadu,Male,1994-01-26,2020-05-18 00:00:00,N,69.0,1.0
1133-LGJUU,2023-04-16,Organic,2023-05-16,Premium,Monthly,,,24.23,1940,26,0,diya,India,Bihar,Female,1965-04-16,,,,
1134-MQIKC,2022-11-10,Refferal,2023-11-10,Basic,Annual,,,12.07,273,28,0,ramesh,India,Delhi,Male,1975-08-08,2023-04-03 00:00:00,Y,41.0,3.0
1135-FVNTV,2022-09-28,Paid,2022-10-28,Standard,Monthly,,,15.48,900,14,0,shaurya,India,Telangana,Male,1995-11-02,,,,
1136-FFHRB,2021-02-06,Organic,2022-02-06,Premium,Annual,,,23.62,2289,16,0,aarti,India,Tamil Nadu,Female,1972-10-23,,,,
1137-KMVKJ,2022-02-18,Organic,2022-03-20,Basic,Monthly,,,8.66,262,41,0,aditi,India,Madhya Pradesh,Female,1965-12-24,,,,
1138-FSRCI,2024-03-29,Organic,2025-03-29,Standard,Annual,2024-08-26,Switched to competitor,16.98,786,99,1,ishaan,India,Nagaland,Male,1994-09-01,,,,
1139-DCOEN,2021-07-03,Refferal,2022-07-03,Premium,Annual,,,20.84,1885,36,0,shweta,India,Telangana,Female,1965-12-01,,,,
1140-USRVM,2019-08-07,Paid,2019-09-06,Basic,Monthly,,,8.66,587,24,0,aditi,India,Karnataka,Female,1979-03-01,,,,
1141-JTONC,2023-10-16,Refferal,2024-10-15,Standard,Annual,,,18.3,596,15,0,rahul,India,Telangana,Male,1993-05-06,,,,
1142-ELYVL,2024-02-15,Refferal,2024-03-16,Basic,Monthly,,,10.43,258,47,0,amit,India,Tamil Nadu,Male,1992-04-23,,,,
1143-QXBNY,2020-12-13,Organic,2021-01-12,Basic,Monthly,,,9.32,560,15,0,ayan,India,Maharashtra,Male,1987-05-31,,,,
1144-DVBPN,2020-05-11,Paid,2020-06-10,Premium,Monthly,,,25.71,2256,35,0,aditi,India,Karnataka,Female,1978-12-05,2020-11-26 00:00:00,N,49.0,3.0
1145-WZFQD,2022-12-05,Refferal,2023-01-04,Standard,Monthly,,,16.78,568,56,0,priya,India,Gujarat,Female,1968-02-17,,,,
1146-YGMKE,2019-09-06,Refferal,2020-09-05,Basic,Annual,,,10.42,283,9,0,parth,Nepal,Lalitpur,Male,1973-06-06,,,,
1147-SOICK,2023-05-07,Refferal,2023-06-06,Premium,Monthly,,,29.38,1826,53,0,vijay,India,Madhya Pradesh,Male,1991-10-26,,,,
1148-MQXAZ,2020-01-21,Paid,2020-02-20,Standard,Monthly,2020-05-25,Forgot to cancel trial,15.99,565,76,1,dev,India,Madhya Pradesh,Male,1993-07-14,,,,
1149-LMDMF,2022-08-16,Organic,2023-08-16,Basic,Annual,,,11.12,418,56,0,aadhya,India,Rajasthan,Female,1978-09-17,,,,
1150-VBRGT,2019-07-24,Refferal,2020-07-23,Standard,Annual,,,15.33,803,38,0,pooja,India,Maharashtra,Female,1969-03-23,,,,
1151-HRREH,2019-08-30,Refferal,2020-08-29,Premium,Annual,2020-02-06,Switched to competitor,21.03,1761,95,1,aadhya,India,Tamil Nadu,Female,1984-09-14,2020-01-01 00:00:00,Y,29.0,2.0
1152-HICQB,2021-02-24,Paid,2022-02-24,Basic,Annual,,,11.49,453,5,0,siddharth,India,Delhi,Male,1966-03-22,,,,
1153-EMSLR,2022-01-05,Paid,2022-02-04,Premium,Monthly,,,23.99,2480,53,0,isha,India,Rajasthan,Female,1990-07-25,,,,
1154-PAQFU,2022-10-11,Organic,2022-11-10,Standard,Monthly,,,16.04,706,46,0,anay,India,Meghalaya,Male,1978-03-11,,,,
1155-PYGMC,2023-05-09,Paid,2024-05-08,Basic,Annual,,,8.7,522,27,0,kiran,India,Gujarat,Female,1997-10-27,,,,
1156-YOILF,2022-07-21,Refferal,2023-07-21,Premium,Annual,,,24.34,2182,58,0,vikas,India,Rajasthan,Male,1999-01-20,2022-11-23 00:00:00,N,42.0,3.0
1157-LUNAT,2020-08-06,Refferal,2021-08-06,Premium,Annual,,,26.03,2080,37,0,khushi,India,Odisha,Female,1985-06-05,,,,
1158-GASLW,2024-02-03,Organic,2024-03-04,Basic,Monthly,,,12.77,260,19,0,rahul,India,Delhi,Male,2002-12-18,,,,
1159-YYLIM,2022-01-16,Refferal,2023-01-16,Basic,Annual,,,11.11,346,21,0,aarti,India,West Bengal,Female,1965-01-01,2022-07-14 00:00:00,Y,58.0,3.0
1160-IXQUK,2023-03-15,Paid,2023-04-14,Premium,Monthly,,,26.94,2639,13,0,sunil,India,Karnataka,Male,1971-02-02,,,,
1161-UDYVI,2023-03-28,Paid,2024-03-27,Premium,Annual,,,35.87,2042,18,0,alok,India,Madhya Pradesh,Male,1984-03-11,,,,
1162-HGTWW,2019-02-14,Organic,2019-03-16,Standard,Monthly,,,16.74,886,8,0,prisha,India,Kerala,Female,1974-11-26,,,,
1163-PFTQN,2023-04-04,Paid,2023-05-04,Basic,Monthly,2023-11-21,Too expensive,9.31,362,76,1,ira,India,Madhya Pradesh,Female,1985-08-15,2023-08-17 00:00:00,N,34.0,3.0
1164-FJRCS,2023-11-10,Paid,2024-11-09,Standard,Annual,,,18.42,677,59,0,suresh,India,Nagaland,Male,2004-09-27,2024-02-23 00:00:00,N,60.0,1.0
1165-NXOXM,2022-08-24,Organic,2023-08-24,Premium,Annual,,,31.4,1925,31,0,kavya,India,Kerala,Female,1992-07-05,,,,
1166-UWWZU,2019-02-16,Paid,2020-02-16,Standard,Annual,,,15.76,815,25,0,anita,India,Madhya Pradesh,Female,1977-08-16,2019-03-12 00:00:00,N,70.0,1.0
1167-QFQBA,2021-01-01,Refferal,2021-01-31,Basic,Monthly,,,11.46,519,18,0,vikas,India,Karnataka,Male,2000-09-20,,,,
1168-YIRJI,2022-07-16,Refferal,2022-08-15,Basic,Monthly,,,8.55,164,39,0,advik,India,Meghalaya,Male,1983-06-19,,,,
1169-BTVPT,2023-09-04,Paid,2023-10-04,Basic,Monthly,,,10.28,499,35,0,aarti,India,Odisha,Female,1990-06-20,2024-03-13 00:00:00,N,68.0,2.0
1170-YNTKM,2022-01-26,Organic,2022-02-25,Premium,Monthly,,,25.96,2027,41,0,anay,India,Haryana,Male,1982-12-09,,,,
1171-AQBSS,2023-10-18,Organic,2024-10-17,Standard,Annual,2024-06-05,Too expensive,18.18,1196,87,1,aarav,India,Rajasthan,Male,1987-04-08,2024-01-21 00:00:00,Y,15.0,1.0
1172-KAMLG,2020-09-04,Paid,2020-10-04,Basic,Monthly,,,8.12,460,9,0,kabir,India,Odisha,Male,1980-03-26,2021-02-28 00:00:00,Y,86.0,3.0
1173-KYWMC,2019-10-17,Paid,2020-10-16,Basic,Annual,,,8.6,364,37,0,pranav,India,Delhi,Male,1987-09-04,,,,
1174-JYYUJ,2023-07-11,Refferal,2023-08-10,Premium,Monthly,,,28.35,2587,7,0,dev,India,West Bengal,Male,1980-06-02,,,,
1175-ZOJJN,2022-04-18,Organic,2023-04-18,Premium,Annual,,,32.19,2321,51,0,siddharth,India,Rajasthan,Male,1974-08-26,2022-06-12 00:00:00,N,44.0,1.0
1176-WEDPV,2023-04-12,Organic,2023-05-12,Basic,Monthly,2023-08-03,Not enough content,7.37,310,98,1,ahana,India,Kerala,Female,1990-10-05,2023-07-01 00:00:00,N,15.0,1.0
1177-GIQJW,2020-08-30,Organic,2021-08-30,Standard,Annual,,,16.65,1187,60,0,rudra,India,Telangana,Male,1967-08-23,2021-02-20 00:00:00,N,60.0,3.0
1178-GUIXD,2023-10-23,Refferal,2024-10-22,Standard,Annual,,,14.75,926,8,0,vijay,India,Meghalaya,Male,1983-03-29,,,,
1179-XUAZX,2022-07-27,Organic,2022-08-26,Premium,Monthly,,,23.99,1452,12,0,anita,India,Delhi,Female,1965-10-10,,,,
1180-NDRQM,2024-05-09,Organic,2024-06-08,Premium,Monthly,,,23.09,2373,48,0,ahana,India,Punjab,Female,2002-06-27,2024-05-16 00:00:00,N,54.0,1.0
1181-RQXYJ,2019-11-20,Organic,2019-12-20,Basic,Monthly,,,12.75,488,57,0,krishna,India,Bihar,Male,1967-03-17,2020-04-30 00:00:00,N,48.0,2.0
1182-DJHES,2022-08-08,Organic,2022-09-07,Premium,Monthly,2022-09-06,Too expensive,35.15,1978,87,1,ranveer,India,Odisha,Male,2004-09-06,,,,
1183-GKJHM,2019-02-17,Paid,2019-03-19,Premium,Monthly,,,28.03,2234,28,0,meena,India,West Bengal,Female,1966-11-14,,,,
1184-GAXIV,2021-06-25,Refferal,2022-06-25,Standard,Annual,,,16.12,1128,18,0,sara,India,Madhya Pradesh,Female,1988-10-24,2021-12-15 00:00:00,N,66.0,2.0
1185-ZUWOA,2024-01-23,Organic,2024-02-22,Basic,Monthly,,,10.04,256,51,0,shweta,India,Gujarat,Female,1994-11-07,,,,
1186-GZPZI,2020-06-15,Paid,2020-07-15,Standard,Monthly,2020-12-30,Switched to competitor,15.16,951,77,1,anand,India,Tamil Nadu,Male,1978-10-26,2020-11-30 00:00:00,Y,31.0,1.0
1187-DSMVG,2021-02-17,Refferal,2021-03-19,Premium,Monthly,,,34.24,2558,37,0,preeti,India,Haryana,Female,2002-06-11,,,,
1188-WEXSX,2024-01-14,Refferal,2025-01-13,Standard,Annual,,,16.67,805,56,0,manish,India,Uttar Pradesh,Male,1981-10-03,,,,
1189-XQNPK,2023-08-29,Refferal,2024-08-28,Standard,Annual,,,14.72,736,15,0,sonal,India,Gujarat,Female,1997-12-05,2024-02-03 00:00:00,N,99.0,2.0
1190-SMNLH,2021-05-27,Paid,2022-05-27,Basic,Annual,2022-02-18,Poor streaming quality,12.02,483,89,1,parth,India,Odisha,Male,1982-04-22,2021-08-08 00:00:00,N,32.0,1.0
1191-BJQIC,2019-01-17,Organic,2019-02-16,Standard,Monthly,2019-08-22,Too expensive,17.67,688,73,1,divya,India,Haryana,Female,1975-08-29,2019-08-04 00:00:00,N,23.0,3.0
1192-UPMKB,2023-11-26,Refferal,2023-12-26,Standard,Monthly,2024-09-19,Switched to competitor,14.03,708,79,1,kiran,India,Karnataka,Female,1968-09-18,2024-04-13 00:00:00,N,41.0,2.0
1193-YIHWI,2024-03-22,Refferal,2025-03-22,Premium,Annual,,,31.2,1298,50,0,vikram,India,Haryana,Male,1986-09-26,2024-08-27 00:00:00,N,85.0,3.0
1194-UJBZW,2022-10-11,Paid,2023-10-11,Standard,Annual,2023-01-15,Poor streaming quality,18.36,1062,99,1,pooja,India,Telangana,Female,1989-12-28,2023-02-15 00:00:00,N,27.0,2.0
1195-TAOUA,2021-09-16,Paid,2022-09-16,Basic,Annual,,,7.91,496,22,0,priya,India,Nagaland,Female,1992-03-27,2022-03-12 00:00:00,Y,98.0,2.0
1196-QETTN,2023-05-17,Paid,2023-06-16,Standard,Monthly,,,14.08,833,42,0,tanvi,India,Bihar,Female,1984-12-16,2023-09-09 00:00:00,N,82.0,3.0
1197-YSVGP,2020-12-09,Organic,2021-12-09,Premium,Annual,,,27.41,1304,10,0,sunil,India,Uttar Pradesh,Male,1978-05-22,2021-05-27 00:00:00,Y,69.0,2.0
1198-RVRSM,2019-08-01,Organic,2020-07-31,Standard,Annual,,,17.23,1149,9,0,karan,India,Bihar,Male,1987-06-14,,,,
1199-IQMQI,2023-05-29,Paid,2024-05-28,Premium,Annual,,,29.55,1941,9,0,ishaan,India,Kerala,Male,1980-09-05,,,,
1200-KEXNX,2022-09-03,Refferal,2023-09-03,Standard,Annual,,,14.0,518,19,0,advik,India,Uttar Pradesh,Male,1974-07-29,,,,
1201-PZQCS,2023-01-01,Paid,2024-01-01,Basic,Annual,,,10.1,260,21,0,aditi,India,Uttar Pradesh,Female,1978-01-18,,,,
1202-TALEV,2023-04-02,Organic,2024-04-01,Premium,Annual,,,20.55,2373,20,0,vivaan,India,Kerala,Male,1992-08-15,,,,
1203-MLPYI,2021-01-17,Refferal,2021-02-16,Premium,Monthly,,,28.78,2398,28,0,vikram,India,Meghalaya,Male,1969-12-05,,,,
1204-JFLZJ,2019-09-30,Refferal,2019-10-30,Standard,Monthly,2019-12-08,Too expensive,17.89,718,81,1,preeti,India,Karnataka,Female,1986-12-09,2019-10-17 00:00:00,N,29.0,1.0
1205-MIPLW,2023-12-17,Organic,2024-12-16,Premium,Annual,,,35.4,2772,60,0,rudra,India,Haryana,Male,1984-10-23,,,,
1206-RXRFJ,2021-11-17,Organic,2022-11-17,Basic,Annual,,,12.68,492,60,0,sunita,India,Meghalaya,Female,1982-06-28,,,,
1207-VYSUD,2022-10-08,Organic,2022-11-07,Basic,Monthly,,,7.44,470,23,0,kiran,India,Nagaland,Female,1968-12-20,,,,
1208-UCCMQ,2023-04-03,Paid,2024-04-02,Standard,Annual,,,17.14,779,26,0,ranveer,India,Tamil Nadu,Male,1982-09-09,,,,
1209-ERIHB,2020-01-20,Refferal,2020-02-19,Premium,Monthly,,,25.4,2331,44,0,dev,India,West Bengal,Male,1968-10-30,,,,
1210-RFVSN,2020-06-16,Paid,2020-07-16,Basic,Monthly,,,7.16,188,36,0,alok,India,Gujarat,Male,2003-09-01,2020-09-11 00:00:00,Y,43.0,1.0
1211-CLOXA,2019-04-05,Refferal,2019-05-05,Standard,Monthly,,,17.3,994,65,0,rajesh,India,Punjab,Male,1978-01-22,,,,
1212-UJTJM,2020-07-31,Refferal,2021-07-31,Premium,Annual,,,20.78,2226,39,0,navya,India,Rajasthan,Female,1969-03-17,2021-01-23 00:00:00,Y,94.0,1.0
1213-RUGLH,2023-05-26,Paid,2023-06-25,Premium,Monthly,2023-08-15,Not enough content,31.5,2521,79,1,vikram,India,Uttar Pradesh,Male,1992-04-30,,,,
1214-SPRDB,2019-10-19,Refferal,2020-10-18,Standard,Annual,,,18.76,973,10,0,sonal,India,Telangana,Female,1982-10-25,,,,
1215-XBGXS,2022-03-16,Refferal,2022-04-15,Premium,Monthly,,,31.32,1765,12,0,ahana,India,Maharashtra,Female,1971-04-23,,,,
1216-YGUJG,2020-05-05,Paid,2020-06-04,Standard,Monthly,,,15.55,759,16,0,prisha,India,Delhi,Female,1965-03-11,,,,
1217-SDWTH,2021-01-22,Refferal,2022-01-22,Premium,Annual,,,29.24,1894,58,0,ishaan,India,Uttar Pradesh,Male,1973-07-01,,,,
1218-CYCMA,2020-09-13,Organic,2020-10-13,Standard,Monthly,2021-04-16,Not enough content,18.54,891,72,1,karan,India,Bihar,Male,2005-09-17,2021-02-26 00:00:00,N,30.0,3.0
1219-LWLBK,2023-09-22,Organic,2024-09-21,Basic,Annual,2024-05-09,Poor streaming quality,7.26,265,88,1,dhruv,India,Bihar,Male,1995-05-04,2023-12-03 00:00:00,N,31.0,2.0
1220-WPSZS,2023-09-27,Paid,2023-10-27,Standard,Monthly,,,14.25,1108,40,0,ayan,India,Kerala,Male,1982-05-12,,,,
1221-JPXUK,2023-12-10,Paid,2024-12-09,Standard,Annual,,,17.36,859,32,0,reyansh,India,Madhya Pradesh,Male,1990-11-05,2024-06-26 00:00:00,Y,40.0,3.0
1222-GRNJK,2023-01-10,Paid,2023-02-09,Basic,Monthly,,,10.11,359,33,0,anita,India,Rajasthan,Female,2003-10-29,2023-05-14 00:00:00,Y,81.0,2.0
1223-OXKJM,2023-04-05,Organic,2024-04-04,Basic,Annual,,,7.77,455,14,0,suresh,India,Delhi,Male,1967-06-23,,,,
1224-AOXXH,2020-03-17,Refferal,2020-04-16,Standard,Monthly,,,15.39,523,55,0,advaith,India,Uttar Pradesh,Male,1967-05-01,,,,
1225-AWYOZ,2020-01-26,Paid,2021-01-25,Premium,Annual,,,34.07,1487,8,0,abhishek,India,Punjab,Male,1992-06-14,2020-04-02 00:00:00,N,93.0,2.0
1226-GXOHM,2021-01-11,Paid,2022-01-11,Basic,Annual,,,10.17,153,65,0,saanvi,India,Odisha,Female,2000-02-20,,,,
1227-THDIA,2019-03-28,Organic,2019-04-27,Basic,Monthly,,,7.72,188,5,0,sonal,India,Bihar,Female,1989-06-02,,,,
1228-CZXOZ,2022-03-04,Refferal,2023-03-04,Basic,Annual,,,12.51,415,55,0,sanjay,India,Meghalaya,Male,1989-03-22,,,,
1229-BUUOU,2020-09-07,Organic,2021-09-07,Basic,Annual,2021-06-08,Switched to competitor,8.4,539,87,1,vikas,India,Madhya Pradesh,Male,1994-11-25,2021-03-10 00:00:00,Y,43.0,1.0
1230-IRDAR,2019-05-17,Paid,2020-05-16,Premium,Annual,2019-10-16,Poor streaming quality,27.96,2625,97,1,sai,India,Madhya Pradesh,Male,1981-03-10,,,,
1231-ITUJK,2021-03-26,Organic,2022-03-26,Premium,Annual,,,34.53,2705,63,0,kavya,India,Karnataka,Female,1975-04-24,,,,
1232-FOJYD,2019-01-22,Paid,2019-02-21,Basic,Monthly,,,12.18,321,41,0,dev,India,Punjab,Male,1988-12-29,2019-05-09 00:00:00,N,57.0,1.0
1233-ISQLC,2022-10-02,Organic,2022-11-01,Premium,Monthly,2023-01-04,Forgot to cancel trial,22.06,1467,97,1,om,India,Haryana,Male,1987-04-08,2022-12-04 00:00:00,N,38.0,1.0
1234-VOWTP,2022-07-17,Paid,2023-07-17,Basic,Annual,2023-03-16,Switched to competitor,7.45,581,89,1,sanjay,India,West Bengal,Male,1989-01-09,2022-07-26 00:00:00,N,39.0,1.0
1235-VLSCU,2019-11-21,Paid,2019-12-21,Standard,Monthly,,,17.0,1029,18,0,anvi,India,Bihar,Female,2002-02-01,,,,
1236-EQYZX,2021-09-10,Organic,2022-09-10,Standard,Annual,2022-03-19,Not enough content,14.95,813,98,1,saanvi,India,Haryana,Female,1996-10-09,2022-01-14 00:00:00,Y,35.0,2.0
1237-FNRBE,2021-08-22,Refferal,2022-08-22,Basic,Annual,2021-09-10,Forgot to cancel trial,10.75,519,79,1,advaith,India,Maharashtra,Male,1993-09-28,2021-12-02 00:00:00,N,18.0,3.0
1238-JPXFU,2024-03-05,Refferal,2024-04-04,Basic,Monthly,,,11.06,225,9,0,vihaan,India,Delhi,Male,1997-03-14,,,,
1239-CLVKX,2023-12-05,Organic,2024-01-04,Premium,Monthly,2024-09-15,Not enough content,24.24,1656,80,1,nisha,Nepal,Pokhara,Female,1983-11-22,2024-05-05 00:00:00,N,25.0,1.0
1240-QRXMM,2023-04-25,Organic,2024-04-24,Standard,Annual,,,17.63,741,3,0,karan,India,Maharashtra,Male,2000-06-03,2023-06-05 00:00:00,N,41.0,1.0
1241-SQLVK,2020-10-13,Paid,2020-11-12,Premium,Monthly,2021-07-07,Forgot to cancel trial,34.73,1709,89,1,neha,India,Odisha,Female,1986-12-06,2021-04-27 00:00:00,Y,37.0,3.0
1242-PHWTR,2020-11-15,Paid,2020-12-15,Basic,Monthly,,,11.95,572,60,0,dev,India,Odisha,Male,1986-01-11,2021-03-23 00:00:00,Y,61.0,1.0
1243-QVFEF,2024-03-26,Paid,2024-04-25,Premium,Monthly,,,29.11,2663,13,0,diya,India,Meghalaya,Female,1978-02-24,2024-06-27 00:00:00,Y,98.0,1.0
1244-KDVIV,2019-04-21,Refferal,2020-04-20,Premium,Annual,2019-10-06,Not enough content,35.95,1511,90,1,angel,India,Kerala,Female,1979-07-19,2019-10-01 00:00:00,Y,33.0,3.0
1245-VVTXX,2024-03-22,Organic,2025-03-22,Basic,Annual,,,8.99,404,23,0,aalia,India,Tamil Nadu,Female,1992-06-02,,,,
1246-YXKUE,2019-09-04,Refferal,2020-09-03,Basic,Annual,,,12.06,188,58,0,anay,India,Maharashtra,Male,2002-09-04,,,,
1247-JYLIA,2019-04-23,Paid,2020-04-22,Premium,Annual,,,32.93,2060,32,0,ramesh,India,Delhi,Male,1979-01-10,,,,
1248-HRSKX,2023-04-17,Paid,2023-05-17,Basic,Monthly,2024-01-19,Forgot to cancel trial,11.39,457,96,1,sanjay,India,Karnataka,Male,1968-07-12,2023-07-29 00:00:00,N,45.0,3.0
1249-STCVJ,2021-02-20,Paid,2022-02-20,Premium,Annual,2021-03-13,Poor streaming quality,28.57,2180,71,1,isha,India,Kerala,Female,1993-02-27,,,,
1250-EAQOR,2020-08-02,Organic,2021-08-02,Premium,Annual,2020-12-08,Switched to competitor,23.56,2799,87,1,divya,India,Telangana,Female,1985-07-20,,,,
1251-YNPQO,2021-08-03,Organic,2022-08-03,Standard,Annual,2022-02-28,Forgot to cancel trial,16.39,1077,83,1,harsh,India,Tamil Nadu,Male,1992-04-03,2021-09-02 00:00:00,Y,29.0,2.0
1252-LJPJK,2020-03-05,Refferal,2020-04-04,Basic,Monthly,,,11.31,218,56,0,saanvi,India,Delhi,Female,1987-08-07,,,,
1253-LTFUS,2021-09-12,Organic,2021-10-12,Standard,Monthly,,,14.53,789,46,0,saanvi,India,Telangana,Female,1969-06-17,2021-10-23 00:00:00,Y,43.0,1.0
1254-YYHIR,2023-01-14,Organic,2023-02-13,Premium,Monthly,2023-09-30,Too expensive,33.54,2138,86,1,shruti,India,Karnataka,Female,1987-10-04,2023-04-29 00:00:00,Y,22.0,1.0
1255-GFRAP,2019-02-06,Paid,2020-02-06,Basic,Annual,,,9.62,440,44,0,aalia,India,Tamil Nadu,Female,1992-09-28,,,,
1256-ZKKNM,2021-07-15,Paid,2022-07-15,Basic,Annual,2021-11-21,Not enough content,7.02,215,74,1,karan,India,Punjab,Male,1972-01-13,2022-01-26 00:00:00,N,16.0,2.0
1257-OBGXW,2021-06-02,Organic,2021-07-02,Basic,Monthly,,,8.3,215,38,0,rajesh,India,Maharashtra,Male,1980-02-10,2021-10-09 00:00:00,N,42.0,2.0
1258-IMPVV,2022-11-22,Refferal,2022-12-22,Standard,Monthly,2023-04-11,Poor streaming quality,16.67,902,72,1,neha,India,Maharashtra,Female,1971-06-30,2023-02-11 00:00:00,N,24.0,1.0
1259-VWXAD,2022-10-03,Refferal,2023-10-03,Basic,Annual,,,9.29,162,62,0,aditi,India,Gujarat,Female,2000-05-07,,,,
1260-CNVDC,2023-12-25,Paid,2024-12-24,Standard,Annual,,,16.79,1185,21,0,om,India,Punjab,Male,1994-07-05,2024-02-24 00:00:00,Y,57.0,1.0
1261-FBCYZ,2019-11-17,Paid,2019-12-17,Standard,Monthly,2020-07-19,Switched to competitor,18.36,1184,79,1,dhruv,India,West Bengal,Male,1968-11-08,2020-05-30 00:00:00,Y,13.0,3.0
1262-CVJXH,2022-05-13,Paid,2022-06-12,Standard,Monthly,2023-01-13,Not enough content,17.62,527,97,1,sara,India,Meghalaya,Female,1985-07-14,2022-10-20 00:00:00,Y,24.0,3.0
1263-TZHEQ,2023-04-04,Paid,2024-04-03,Basic,Annual,,,12.63,509,5,0,navya,India,Punjab,Female,1965-10-05,2023-06-09 00:00:00,Y,93.0,2.0
1264-QHUEF,2024-04-30,Refferal,2025-04-30,Standard,Annual,,,16.99,1074,43,0,siddharth,India,Maharashtra,Male,1967-10-04,,,,
1265-VPNNM,2021-07-22,Paid,2021-08-21,Basic,Monthly,,,9.66,541,44,0,vikram,India,Maharashtra,Male,1967-05-28,,,,
1266-OIFFZ,2022-03-21,Refferal,2023-03-21,Basic,Annual,,,12.95,292,13,0,suresh,India,Nagaland,Male,2004-09-12,,,,
1267-GHYVI,2020-09-12,Refferal,2021-09-12,Premium,Annual,2021-05-30,Switched to competitor,34.8,1531,73,1,divya,India,Uttar Pradesh,Female,1975-06-20,,,,
1268-JXWTI,2023-01-09,Organic,2024-01-09,Premium,Annual,2023-06-28,Poor streaming quality,33.29,2130,88,1,siddharth,India,Kerala,Male,1974-08-15,2023-07-24 00:00:00,N,32.0,3.0
1269-WRKLC,2024-02-22,Refferal,2025-02-21,Standard,Annual,2024-04-28,Poor streaming quality,18.68,940,81,1,kavir,India,Telangana,Male,2000-06-26,,,,
1270-MDWDD,2021-03-16,Paid,2022-03-16,Basic,Annual,,,11.91,423,31,0,vikram,India,Telangana,Male,2004-05-03,2021-09-06 00:00:00,N,81.0,2.0
1271-PGRMV,2022-04-09,Organic,2023-04-09,Standard,Annual,2022-07-21,Poor streaming quality,14.62,1164,70,1,om,India,Punjab,Male,1982-11-01,2022-07-29 00:00:00,Y,39.0,3.0
1272-OUZTQ,2021-11-14,Organic,2021-12-14,Premium,Monthly,,,33.65,1968,42,0,krishna,India,Uttar Pradesh,Male,1965-01-20,2022-05-13 00:00:00,N,98.0,3.0
1273-NMXZY,2019-05-24,Refferal,2019-06-23,Basic,Monthly,,,12.92,545,38,0,kartik,Nepal,Pokhara,Male,1979-03-22,2019-06-03 00:00:00,N,88.0,1.0
1274-NZVDJ,2022-11-14,Refferal,2023-11-14,Premium,Annual,,,23.81,1848,42,0,vivaan,India,Haryana,Male,1976-09-29,,,,
1275-KMHVD,2019-10-14,Refferal,2019-11-13,Premium,Monthly,2020-02-29,Poor streaming quality,32.87,1408,98,1,parth,India,Uttar Pradesh,Male,1994-07-18,,,,
1276-QIWYI,2020-05-23,Refferal,2021-05-23,Premium,Annual,,,31.66,1431,59,0,kavya,India,Odisha,Female,1977-06-28,2020-07-23 00:00:00,Y,67.0,2.0
1277-IMCIS,2024-03-17,Refferal,2024-04-16,Basic,Monthly,2024-04-09,Not enough content,12.52,445,74,1,kartik,India,Rajasthan,Male,1999-12-28,,,,
1278-MDESK,2023-06-19,Organic,2023-07-19,Premium,Monthly,,,25.1,2407,34,0,pranav,India,West Bengal,Male,1987-10-27,,,,
1279-FLXOP,2024-05-23,Refferal,2024-06-22,Standard,Monthly,,,17.59,775,7,0,nisha,India,West Bengal,Female,1999-04-04,2024-07-22 00:00:00,N,99.0,3.0
1280-WCEYH,2024-05-12,Organic,2024-06-11,Premium,Monthly,,,35.15,2383,43,0,pranav,India,Maharashtra,Male,1989-05-12,2024-11-07 00:00:00,N,73.0,3.0
1281-CQFLJ,2019-05-12,Refferal,2020-05-11,Basic,Annual,,,10.29,220,19,0,richa,India,Rajasthan,Female,1965-02-13,,,,
1282-BREPL,2020-12-24,Paid,2021-01-23,Premium,Monthly,2021-06-12,Forgot to cancel trial,85.45,1365,73,1,kartik,India,Delhi,Male,1972-01-17,,,,
1283-DWFBF,2020-04-17,Organic,2020-05-17,Premium,Monthly,,,24.34,2510,32,0,suresh,India,Uttar Pradesh,Male,1979-06-16,2020-09-16 00:00:00,Y,67.0,1.0
1284-WOWCK,2021-08-23,Refferal,2022-08-23,Basic,Annual,2022-01-27,Not enough content,8.48,589,81,1,aalia,India,Haryana,Female,1992-06-18,2021-12-05 00:00:00,Y,35.0,1.0
1285-PARHU,2021-04-13,Paid,2021-05-13,Premium,Monthly,,,35.12,1548,40,0,sonal,India,West Bengal,Female,1997-09-11,2021-05-18 00:00:00,N,60.0,1.0
1286-RZKOS,2022-12-21,Paid,2023-12-21,Basic,Annual,2023-10-14,Switched to competitor,11.18,506,91,1,om,India,Telangana,Male,1970-06-25,2023-06-23 00:00:00,N,29.0,3.0
1287-ZEIWF,2023-05-09,Organic,2024-05-08,Standard,Annual,,,16.52,945,32,0,pari,India,Delhi,Female,1970-03-13,,,,
1288-ONKFZ,2023-07-02,Refferal,2023-08-01,Premium,Monthly,,,32.14,2313,54,0,richa,India,Uttar Pradesh,Female,1965-11-22,,,,
1289-VVDPX,2022-05-06,Organic,2022-06-05,Standard,Monthly,,,17.67,861,31,0,priya,Nepal,Pokhara,Female,1994-08-22,2022-10-11 00:00:00,N,94.0,2.0
1290-ZUFST,2019-06-29,Paid,2019-07-29,Premium,Monthly,,,29.11,1930,39,0,aarti,Nepal,Pokhara,Female,2004-03-17,,,,
1291-YUCJY,2022-05-03,Paid,2022-06-02,Basic,Monthly,,,12.48,250,30,0,atharva,India,Telangana,Male,1974-01-14,,,,
1292-BRQXP,2023-02-25,Organic,2023-03-27,Premium,Monthly,,,33.38,2508,59,0,aarav,India,Madhya Pradesh,Male,1977-08-06,,,,
1293-PMQYS,2022-10-17,Paid,2022-11-16,Premium,Monthly,,,25.84,2348,35,0,advaith,India,Madhya Pradesh,Male,1998-07-24,,,,
1294-QOTUZ,2022-03-10,Organic,2022-04-09,Standard,Monthly,,,15.18,1101,40,0,meena,India,Karnataka,Female,1996-12-05,,,,
1295-WYQHH,2021-07-14,Paid,2021-08-13,Premium,Monthly,,,26.81,2779,21,0,kavya,India,Tamil Nadu,Female,1977-06-07,,,,
1296-HLJOR,2020-03-04,Refferal,2021-03-04,Premium,Annual,2020-10-24,Not enough content,30.18,2717,95,1,om,India,West Bengal,Male,1991-01-03,2020-09-18 00:00:00,Y,41.0,3.0
1297-ZRMYF,2019-07-12,Refferal,2019-08-11,Standard,Monthly,,,17.28,1157,34,0,diya,India,Bihar,Female,1985-11-21,,,,
1298-FPDFS,2020-11-27,Organic,2021-11-27,Premium,Annual,2021-07-01,Not enough content,32.24,1659,74,1,shruti,India,Telangana,Female,1983-05-04,2021-02-12 00:00:00,N,19.0,2.0
1299-PBDDG,2022-12-25,Paid,2023-12-25,Standard,Annual,,,15.71,962,5,0,navya,India,West Bengal,Female,2004-10-02,,,,
1300-DBCGF,2023-06-25,Paid,2023-07-25,Basic,Monthly,2023-08-26,Too expensive,7.64,438,91,1,kavya,India,Kerala,Female,1990-04-14,,,,
1301-UVILK,2019-02-24,Paid,2020-02-24,Standard,Annual,,,15.41,1070,18,0,shaurya,India,Uttar Pradesh,Male,1994-06-09,,,,
1302-YJIYP,2021-10-20,Paid,2022-10-20,Premium,Annual,2022-07-11,Poor streaming quality,29.68,1643,74,1,krishna,Nepal,Kathmandu,Male,1996-08-28,2022-03-27 00:00:00,Y,36.0,3.0
1303-XOERD,2019-03-18,Paid,2020-03-17,Basic,Annual,,,12.5,184,46,0,sunita,India,Maharashtra,Female,1982-12-18,2019-04-06 00:00:00,Y,94.0,1.0
1304-GPLPX,2023-03-27,Refferal,2023-04-26,Premium,Monthly,,,31.75,1348,13,0,siddharth,India,Delhi,Male,1989-09-23,,,,
1305-JQDAI,2024-01-13,Refferal,2024-02-12,Basic,Monthly,,,10.06,484,50,0,deepak,India,Rajasthan,Male,1983-09-30,2024-04-09 00:00:00,N,74.0,2.0
1306-XUXYB,2024-05-20,Organic,2024-06-19,Standard,Monthly,2024-10-14,Poor streaming quality,18.87,1066,79,1,ishaan,India,Odisha,Male,2002-04-05,2024-11-06 00:00:00,N,26.0,3.0
1307-EQXZE,2022-01-26,Refferal,2023-01-26,Basic,Annual,,,9.64,564,41,0,riya,India,Bihar,Female,1996-03-03,2022-06-02 00:00:00,N,89.0,2.0
1308-NLXOE,2022-12-19,Refferal,2023-12-19,Standard,Annual,2023-09-12,Switched to competitor,14.59,527,76,1,vijay,India,Meghalaya,Male,2005-01-31,,,,
1309-AKSOA,2023-11-17,Refferal,2024-11-16,Premium,Annual,2024-02-29,Not enough content,21.02,2272,73,1,arjun,India,Punjab,Male,1981-12-16,2024-04-17 00:00:00,N,45.0,3.0
1310-ONASM,2021-08-15,Refferal,2021-09-14,Premium,Monthly,2021-12-23,Poor streaming quality,35.17,1784,77,1,nisha,India,Nagaland,Female,1981-06-19,2022-02-07 00:00:00,Y,14.0,3.0
1311-AVYBM,2019-01-25,Paid,2019-02-24,Basic,Monthly,,,9.08,297,13,0,sunil,India,Kerala,Male,1966-04-06,,,,
1312-YFREC,2023-06-08,Refferal,2024-06-07,Standard,Annual,,,17.23,1190,45,0,ganesh,India,Madhya Pradesh,Male,1981-05-08,,,,
1313-IFPIW,2023-04-13,Refferal,2024-04-12,Premium,Annual,,,30.37,1370,10,0,neha,India,Rajasthan,Female,1980-07-18,2023-08-13 00:00:00,N,79.0,3.0
1314-WUUKO,2023-09-12,Refferal,2024-09-11,Standard,Annual,,,16.47,590,32,0,anita,India,Punjab,Female,1999-05-31,2024-02-21 00:00:00,N,73.0,3.0
1315-NFVIK,2022-03-02,Refferal,2023-03-02,Basic,Annual,,,8.09,341,23,0,pari,India,Bihar,Female,1976-06-17,2022-09-11 00:00:00,N,46.0,2.0
1316-JSBNK,2019-06-06,Organic,2020-06-05,Premium,Annual,2020-02-08,Too expensive,26.58,1629,91,1,shalini,India,West Bengal,Female,1991-10-04,,,,
1317-WATXD,2019-01-18,Paid,2020-01-18,Standard,Annual,,,16.72,667,36,0,kavya,India,Madhya Pradesh,Female,1994-09-23,,,,
1318-YXOCP,2020-07-27,Paid,2021-07-27,Standard,Annual,,,14.01,678,62,0,aarush,India,Gujarat,Male,1992-04-24,,,,
1319-CSXRZ,2022-01-01,Organic,2023-01-01,Standard,Annual,,,17.99,1136,14,0,sai,India,Delhi,Male,1985-07-19,,,,
1320-WVQNQ,2020-11-08,Paid,2021-11-08,Standard,Annual,,,16.55,962,64,0,aditi,Nepal,Lalitpur,Female,1985-09-06,2021-05-16 00:00:00,N,84.0,2.0
1321-KXAIP,2021-02-10,Organic,2021-03-12,Basic,Monthly,,,7.91,292,36,0,dev,India,Delhi,Male,1996-04-28,2021-06-17 00:00:00,N,67.0,2.0
1322-ZKUDD,2022-06-10,Paid,2022-07-10,Standard,Monthly,,,18.83,604,11,0,vihaan,Nepal,Pokhara,Male,1966-04-08,,,,
1323-LYGBV,2020-08-05,Paid,2021-08-05,Standard,Annual,,,16.08,564,9,0,harsh,India,Madhya Pradesh,Male,1968-01-10,2020-10-02 00:00:00,N,40.0,1.0
1324-OEXOU,2020-11-09,Refferal,2021-11-09,Standard,Annual,,,15.15,943,56,0,aarti,India,Tamil Nadu,Female,1980-07-21,2021-05-07 00:00:00,N,61.0,3.0
1325-SJPXI,2021-10-24,Organic,2022-10-24,Standard,Annual,2021-12-18,Too expensive,18.41,836,77,1,anita,India,Odisha,Female,1999-02-23,2022-05-07 00:00:00,Y,11.0,3.0
1326-WYNZD,2022-12-09,Refferal,2023-12-09,Basic,Annual,,,9.82,420,27,0,shweta,India,Meghalaya,Female,1984-03-05,,,,
1327-SDNXL,2022-09-25,Refferal,2022-10-25,Basic,Monthly,,,8.59,474,58,0,anay,India,Delhi,Male,1998-05-07,,,,
1328-ZQJGX,2023-09-15,Paid,2024-09-14,Premium,Annual,,,83.82,1636,25,0,advik,Nepal,Kathmandu,Male,2003-07-11,,,,
1329-MBDMT,2023-06-04,Paid,2023-07-04,Premium,Monthly,,,35.53,1891,29,0,shaurya,India,Bihar,Male,2005-11-22,,,,
1330-SSFPL,2022-01-05,Organic,2023-01-05,Premium,Annual,,,26.73,1784,44,0,pari,India,Nagaland,Female,1983-08-23,,,,
1331-NVZIP,2023-03-09,Organic,2023-04-08,Basic,Monthly,,,11.26,469,64,0,khushi,India,Gujarat,Female,1998-06-21,,,,
1332-HPJMR,2020-06-20,Paid,2021-06-20,Basic,Annual,,,9.52,166,4,0,aarav,India,Haryana,Male,2004-12-22,,,,
1333-PFCYB,2021-10-30,Paid,2021-11-29,Standard,Monthly,2022-08-22,Forgot to cancel trial,14.71,729,83,1,vikas,India,Nagaland,Male,1975-10-29,2022-02-05 00:00:00,N,23.0,3.0
1334-KAQLE,2021-01-23,Paid,2022-01-23,Standard,Annual,,,18.79,848,42,0,navya,Nepal,Pokhara,Female,1981-05-30,,,,
1335-ZAIXG,2021-01-16,Paid,2021-02-15,Premium,Monthly,,,23.58,1528,11,0,sara,India,Delhi,Female,1984-11-16,,,,
1336-RJVBL,2022-06-03,Refferal,2022-07-03,Basic,Monthly,,,8.79,341,48,0,arjun,India,West Bengal,Male,1969-04-27,2022-06-23 00:00:00,N,42.0,1.0
1337-MKQGF,2022-10-31,Organic,2022-11-30,Premium,Monthly,,,34.99,2711,59,0,dhruv,Nepal,Kathmandu,Male,2001-11-24,,,,
1338-ASPZL,2019-07-01,Refferal,2019-07-31,Standard,Monthly,2019-12-25,Forgot to cancel trial,17.58,1175,85,1,ananya,India,Delhi,Female,1972-11-24,,,,
1339-HVPGD,2019-06-28,Organic,2019-07-28,Standard,Monthly,,,17.7,738,35,0,ishaan,India,Haryana,Male,1965-05-14,,,,
1340-MFPRL,2020-08-17,Organic,2020-09-16,Basic,Monthly,2020-12-14,Forgot to cancel trial,7.89,545,72,1,ramesh,India,Haryana,Male,1968-11-29,2020-09-01 00:00:00,Y,29.0,1.0
1341-AQYBO,2019-11-20,Organic,2019-12-20,Premium,Monthly,2020-01-09,Too expensive,21.71,2408,74,1,sanjay,India,Haryana,Male,1978-07-20,2020-04-16 00:00:00,N,23.0,2.0
1342-WQMZZ,2019-07-08,Refferal,2019-08-07,Premium,Monthly,,,32.68,1273,58,0,deepak,India,Telangana,Male,1995-12-27,2020-01-13 00:00:00,Y,50.0,1.0
1343-TZHUP,2021-08-30,Paid,2022-08-30,Basic,Annual,,,11.95,403,51,0,ananya,Nepal,Kathmandu,Female,1976-06-27,,,,
1344-JWLFV,2023-01-31,Organic,2023-03-02,Premium,Monthly,2023-09-28,Switched to competitor,35.55,2775,94,1,ayan,India,Telangana,Male,1994-09-14,,,,
1345-OJUBK,2023-11-02,Paid,2024-11-01,Premium,Annual,,,29.66,1480,18,0,ananya,India,Gujarat,Female,1983-01-23,2024-03-19 00:00:00,N,90.0,2.0
1346-PWBRO,2023-06-25,Paid,2024-06-24,Premium,Annual,,,32.44,2625,36,0,kavir,India,Tamil Nadu,Male,1974-09-01,,,,
1347-QQGIT,2022-11-05,Paid,2023-11-05,Premium,Annual,2023-01-17,Forgot to cancel trial,24.38,1430,94,1,anvi,India,West Bengal,Female,2005-12-21,,,,
1348-ZXNET,2020-02-05,Paid,2020-03-06,Basic,Monthly,2020-06-19,Poor streaming quality,12.71,422,78,1,nisha,India,Telangana,Female,1989-07-29,2020-06-21 00:00:00,N,36.0,2.0
1349-CGTDK,2019-03-18,Organic,2020-03-17,Standard,Annual,,,16.56,504,10,0,ramesh,India,Rajasthan,Male,1990-10-19,,,,
1350-HUJEC,2019-08-31,Organic,2020-08-30,Standard,Annual,,,18.58,703,7,0,riya,India,Delhi,Female,1968-04-05,2019-12-11 00:00:00,N,98.0,3.0
1351-EKZJT,2023-12-02,Refferal,2024-12-01,Premium,Annual,,,30.97,1892,25,0,sunil,India,Gujarat,Male,2001-03-14,,,,
1352-UAGAC,2021-02-09,Refferal,2022-02-09,Standard,Annual,,,17.42,601,49,0,sara,India,Meghalaya,Female,1974-11-23,,,,
1353-LWFUG,2019-02-13,Refferal,2019-03-15,Standard,Monthly,,,14.14,1119,29,0,anika,India,West Bengal,Female,2002-07-31,,,,
1354-XACEU,2020-01-22,Refferal,2021-01-21,Standard,Annual,2020-07-24,Forgot to cancel trial,14.16,930,85,1,ananya,India,Odisha,Female,1993-03-10,2020-06-22 00:00:00,N,18.0,3.0
1355-ZTMSZ,2019-08-18,Paid,2019-09-17,Premium,Monthly,,,35.88,1826,45,0,sara,India,Rajasthan,Female,1987-06-15,,,,
1356-SIEID,2022-05-26,Paid,2022-06-25,Premium,Monthly,2023-02-03,Forgot to cancel trial,35.28,1308,70,1,riya,India,Rajasthan,Female,1983-12-16,2022-11-29 00:00:00,N,31.0,3.0
1357-HSWES,2023-07-25,Refferal,2023-08-24,Premium,Monthly,,,23.4,2295,48,0,rudra,India,Meghalaya,Male,2000-04-24,,,,
1358-KMZDF,2019-07-16,Organic,2020-07-15,Premium,Annual,,,28.96,2692,56,0,amit,India,Punjab,Male,1977-04-15,,,,
1359-ZMAXU,2019-09-05,Organic,2020-09-04,Basic,Annual,,,7.45,355,27,0,navya,India,Maharashtra,Female,1986-11-16,,,,
1360-CCPNB,2023-11-24,Paid,2023-12-24,Premium,Monthly,,,33.0,2319,51,0,sunita,India,Rajasthan,Female,1997-10-24,2024-03-25 00:00:00,Y,70.0,3.0
1361-ODDGI,2023-03-27,Organic,2024-03-26,Standard,Annual,2023-11-04,Poor streaming quality,16.85,1099,83,1,shaurya,India,Maharashtra,Male,1989-09-13,2023-07-02 00:00:00,N,23.0,2.0
1362-BHTRD,2019-01-20,Refferal,2019-02-19,Standard,Monthly,,,14.22,751,52,0,parth,India,Maharashtra,Male,1973-06-23,2019-08-05 00:00:00,N,77.0,3.0
1363-OXNHH,2022-01-12,Paid,2023-01-12,Premium,Annual,,,22.81,1321,54,0,abhishek,India,Haryana,Male,1987-01-22,2022-05-06 00:00:00,N,63.0,2.0
1364-CPECZ,2023-07-10,Organic,2023-08-09,Standard,Monthly,,,15.66,635,6,0,nisha,India,Kerala,Female,1965-02-27,2023-10-24 00:00:00,N,54.0,1.0
1365-FVKYG,2021-08-03,Paid,2021-09-02,Premium,Monthly,,,26.09,2086,12,0,rohan,Nepal,Kathmandu,Male,1975-11-02,,,,
1366-HKMDI,2021-01-03,Organic,2022-01-03,Premium,Annual,2021-08-28,Too expensive,34.78,1627,85,1,deepak,India,Maharashtra,Male,1967-10-11,2021-02-17 00:00:00,N,43.0,2.0
1367-MXVVM,2023-01-09,Paid,2023-02-08,Basic,Monthly,,,10.25,449,44,0,atharva,India,Telangana,Male,1969-07-30,2023-03-07 00:00:00,N,40.0,1.0
1368-FGTRQ,2019-06-18,Organic,2020-06-17,Premium,Annual,,,27.78,1225,17,0,alok,India,Punjab,Male,1993-06-20,,,,
1369-PUQJY,2020-08-28,Paid,2021-08-28,Standard,Annual,2021-06-15,Too expensive,15.5,647,85,1,deepak,India,Punjab,Male,1989-03-29,,,,
1370-LAFDV,2022-06-17,Organic,2023-06-17,Premium,Annual,2022-07-21,Too expensive,35.37,2338,95,1,harsh,Nepal,Lalitpur,Male,1984-03-25,,,,
1371-PXRNF,2021-11-10,Paid,2022-11-10,Standard,Annual,,,17.98,582,49,0,sai,India,Maharashtra,Male,1975-09-05,2022-02-26 00:00:00,N,89.0,2.0
1372-KLZMM,2021-01-03,Refferal,2021-02-02,Premium,Monthly,,,20.01,1579,57,0,tanvi,India,Haryana,Female,1976-01-24,,,,
1373-ECJTG,2022-06-13,Paid,2023-06-13,Basic,Annual,,,8.2,438,53,0,shruti,India,Haryana,Female,1975-03-23,,,,
1374-KLRJB,2019-02-02,Refferal,2019-03-04,Premium,Monthly,,,32.9,1617,27,0,rajesh,India,Karnataka,Male,1967-05-28,2019-03-31 00:00:00,N,92.0,3.0
1375-XLOPB,2022-01-28,Refferal,2023-01-28,Standard,Annual,,,17.59,523,16,0,aadhya,India,Nagaland,Female,1966-07-01,,,,
1376-TKHTU,2019-07-07,Paid,2020-07-06,Basic,Annual,,,11.71,465,41,0,yash,India,Kerala,Male,1992-07-18,2019-10-26 00:00:00,Y,100.0,1.0
1377-QOAJM,2020-06-06,Paid,2020-07-06,Premium,Monthly,,,35.36,2102,59,0,parth,India,Haryana,Male,1990-10-12,2020-11-26 00:00:00,N,67.0,3.0
1378-UHLCN,2021-11-06,Paid,2021-12-06,Premium,Monthly,2021-12-14,Forgot to cancel trial,20.64,1862,77,1,suresh,India,Gujarat,Male,1980-11-30,,,,
1379-VKKPQ,2022-05-03,Paid,2022-06-02,Basic,Monthly,,,8.11,202,27,0,aalia,India,Uttar Pradesh,Female,1981-01-27,2022-09-14 00:00:00,N,40.0,1.0
1380-OFWKH,2021-06-22,Paid,2022-06-22,Standard,Annual,2021-08-17,Poor streaming quality,17.66,1096,93,1,aadhya,India,Karnataka,Female,1974-07-05,2021-07-26 00:00:00,N,12.0,1.0
1381-SVKIJ,2019-03-28,Paid,2019-04-27,Standard,Monthly,2019-06-18,Forgot to cancel trial,16.6,726,81,1,shalini,India,Delhi,Female,1993-08-22,,,,
1382-KCFIT,2019-01-24,Organic,2019-02-23,Basic,Monthly,,,8.1,300,57,0,shaurya,India,Madhya Pradesh,Male,1973-08-29,,,,
1383-ZCJBT,2022-07-04,Refferal,2023-07-04,Basic,Annual,2022-11-09,Forgot to cancel trial,12.25,322,73,1,vijay,India,Nagaland,Male,1973-07-05,2022-12-12 00:00:00,N,23.0,3.0
1384-TYWXY,2024-05-25,Refferal,2024-06-24,Basic,Monthly,,,11.87,188,20,0,ananya,India,Nagaland,Female,1991-12-04,,,,
1385-EDOYU,2019-05-30,Paid,2020-05-29,Standard,Annual,,,16.6,857,48,0,pari,India,Telangana,Female,1986-06-11,,,,
1386-OKCRX,2024-02-21,Organic,2025-02-20,Premium,Annual,,,35.94,1350,34,0,amit,India,Meghalaya,Male,1997-05-02,,,,
1387-EDLVB,2023-11-27,Refferal,2023-12-27,Basic,Monthly,,,7.35,316,58,0,ayan,India,Meghalaya,Male,2003-09-26,,,,
1388-TPXBU,2022-12-06,Refferal,2023-01-05,Basic,Monthly,,,12.28,510,9,0,ayan,India,West Bengal,Male,1991-12-01,,,,
1389-KOZJI,2019-01-13,Refferal,2019-02-12,Standard,Monthly,,,17.92,605,59,0,arjun,India,Karnataka,Male,2002-10-18,,,,
1390-AGUKB,2023-09-18,Organic,2024-09-17,Standard,Annual,,,16.81,769,59,0,dev,India,Nagaland,Male,1976-07-07,,,,
1391-VARWI,2022-05-01,Refferal,2022-05-31,Premium,Monthly,,,29.88,1913,5,0,amit,India,Bihar,Male,1976-10-07,,,,
1392-DZCDQ,2021-06-26,Paid,2021-07-26,Standard,Monthly,,,18.23,1190,37,0,aarush,India,Bihar,Male,2003-07-21,2022-01-09 00:00:00,N,45.0,2.0
1393-MNQDZ,2024-05-24,Refferal,2025-05-24,Basic,Annual,,,10.64,378,8,0,preeti,India,Maharashtra,Female,1971-01-17,2024-09-08 00:00:00,N,89.0,2.0
1394-INHYW,2023-09-15,Paid,2024-09-14,Premium,Annual,,,24.72,1945,34,0,shweta,India,Nagaland,Female,1982-10-04,,,,
1395-FSDDE,2020-10-19,Refferal,2021-10-19,Premium,Annual,2020-12-01,Not enough content,26.24,1568,97,1,ranveer,India,Punjab,Male,2002-04-14,2021-04-29 00:00:00,N,31.0,2.0
1396-HXAPV,2019-01-14,Refferal,2019-02-13,Basic,Monthly,,,12.52,446,19,0,aarush,India,Uttar Pradesh,Male,1971-09-15,,,,
1397-FCVXQ,2022-10-26,Refferal,2023-10-26,Standard,Annual,2023-04-14,Switched to competitor,16.95,1057,97,1,anay,India,Madhya Pradesh,Male,1987-12-20,2023-02-17 00:00:00,N,19.0,1.0
1398-CMYWX,2022-03-06,Paid,2022-04-05,Standard,Monthly,,,14.8,918,32,0,rajesh,India,Maharashtra,Male,1966-11-30,,,,
1399-QUVRJ,2023-04-21,Refferal,2024-04-20,Premium,Annual,,,28.35,1600,34,0,divya,Nepal,Pokhara,Female,2003-11-20,,,,
1400-DITDI,2022-02-07,Organic,2023-02-07,Basic,Annual,,,12.9,278,17,0,myra,India,Bihar,Female,1988-08-12,,,,
1401-NNMAG,2022-01-11,Refferal,2023-01-11,Standard,Annual,,,15.59,1012,49,0,shweta,India,Punjab,Female,1996-10-14,,,,
1402-BMFRV,2021-03-22,Organic,2021-04-21,Premium,Monthly,,,30.47,1805,63,0,sonal,India,Telangana,Female,1969-08-11,2021-05-22 00:00:00,Y,92.0,2.0
1403-XJPWJ,2020-03-13,Organic,2021-03-13,Basic,Annual,,,11.85,499,17,0,sneha,India,Tamil Nadu,Female,1977-03-02,2020-05-27 00:00:00,N,99.0,1.0
1404-ELPAA,2022-05-13,Paid,2023-05-13,Premium,Annual,,,31.37,2329,43,0,pranav,India,Tamil Nadu,Male,1975-02-25,2022-09-29 00:00:00,N,93.0,3.0
1405-MGLZF,2019-12-09,Organic,2020-01-08,Premium,Monthly,2020-04-07,Switched to competitor,25.13,2099,84,1,sunil,India,Karnataka,Male,1974-06-14,,,,
1406-WWNUO,2020-03-28,Paid,2021-03-28,Standard,Annual,,,18.29,861,3,0,swati,India,Madhya Pradesh,Female,1976-06-23,,,,
1407-LZDWO,2019-09-18,Organic,2019-10-18,Premium,Monthly,,,26.64,1537,53,0,ayan,India,Rajasthan,Male,2000-04-28,2020-02-23 00:00:00,Y,94.0,2.0
1408-XSJPV,2019-03-08,Paid,2020-03-07,Basic,Annual,,,7.56,253,61,0,yash,India,Punjab,Male,1982-12-26,2019-07-24 00:00:00,N,57.0,2.0
1409-ZUJEG,2021-08-28,Refferal,2021-09-27,Standard,Monthly,,,16.79,730,19,0,vivaan,India,Uttar Pradesh,Male,1985-12-24,,,,
1410-NCKIJ,2019-12-08,Organic,2020-01-07,Standard,Monthly,,,16.86,702,16,0,sonal,India,Kerala,Female,1990-09-10,,,,
1411-KXKOE,2020-03-05,Paid,2021-03-05,Basic,Annual,,,8.24,547,34,0,swati,India,Madhya Pradesh,Female,1986-05-13,2020-05-25 00:00:00,Y,90.0,3.0
1412-WEPAV,2020-04-03,Refferal,2020-05-03,Standard,Monthly,,,15.53,500,14,0,myra,India,Maharashtra,Female,1966-06-28,,,,
1413-KGQTG,2023-05-11,Paid,2024-05-10,Premium,Annual,,,29.68,2487,45,0,sai,India,Odisha,Male,1982-08-31,,,,
1414-YIXFR,2021-07-14,Organic,2021-08-13,Premium,Monthly,,,30.8,1571,32,0,siddharth,India,Punjab,Male,1985-09-18,2021-11-26 00:00:00,N,76.0,2.0
1415-ZXXQM,2021-08-14,Organic,2021-09-13,Basic,Monthly,,,11.08,307,9,0,sunita,India,Bihar,Female,1992-09-22,,,,
1416-MMQEV,2022-02-04,Refferal,2023-02-04,Basic,Annual,,,7.2,537,46,0,aadhya,India,Haryana,Female,1987-10-15,,,,
1417-FJJZW,2023-12-15,Paid,2024-01-14,Basic,Monthly,,,9.29,226,56,0,riya,India,Telangana,Female,2003-05-16,,,,
1418-LUWPV,2022-07-20,Paid,2023-07-20,Premium,Annual,,,21.24,2486,18,0,priya,India,Punjab,Female,1982-04-10,2023-01-24 00:00:00,N,56.0,2.0
1419-UGMPA,2020-06-13,Paid,2020-07-13,Basic,Monthly,,,9.64,567,38,0,preeti,India,West Bengal,Female,2004-05-29,,,,
1420-AZNJN,2019-09-05,Organic,2020-09-04,Premium,Annual,2020-02-08,Switched to competitor,26.07,2274,99,1,om,India,Punjab,Male,1991-01-13,2019-11-19 00:00:00,Y,10.0,1.0
1421-FVSVI,2021-07-14,Refferal,2022-07-14,Basic,Annual,,,8.2,299,32,0,ishaan,India,Odisha,Male,1975-05-04,2021-11-06 00:00:00,N,55.0,2.0
1422-WYXFU,2020-08-03,Organic,2020-09-02,Basic,Monthly,,,7.12,471,5,0,kavya,India,Meghalaya,Female,2000-02-08,,,,
1423-NRPCH,2021-11-27,Organic,2021-12-27,Basic,Monthly,,,9.55,284,59,0,aditi,India,Madhya Pradesh,Female,1990-05-19,2022-04-16 00:00:00,N,94.0,3.0
1424-RTRKE,2019-05-04,Paid,2019-06-03,Premium,Monthly,,,33.53,2593,63,0,ananya,India,Odisha,Female,1986-02-06,2019-07-09 00:00:00,N,65.0,1.0
1425-WODMG,2021-10-17,Paid,2022-10-17,Basic,Annual,,,9.0,505,65,0,diya,India,Telangana,Female,2005-10-14,2022-04-04 00:00:00,N,96.0,3.0
1426-ZNTRH,2021-08-05,Organic,2022-08-05,Standard,Annual,2022-01-01,Forgot to cancel trial,17.29,1194,79,1,shalini,Nepal,Kathmandu,Female,1975-03-25,2021-12-19 00:00:00,Y,10.0,1.0
1427-DLWNU,2020-10-28,Refferal,2021-10-28,Standard,Annual,,,18.96,542,45,0,kavya,India,Delhi,Female,1984-03-14,,,,
1428-ITFFE,2019-11-13,Paid,2019-12-13,Basic,Monthly,2019-12-17,Too expensive,11.45,231,99,1,ramesh,India,Kerala,Male,1984-07-18,2020-04-19 00:00:00,N,20.0,3.0
1429-GAGLQ,2020-03-02,Organic,2020-04-01,Basic,Monthly,,,7.87,471,16,0,karan,India,Karnataka,Male,2001-01-29,2020-03-27 00:00:00,N,74.0,2.0
1430-STSJN,2020-05-01,Organic,2021-05-01,Standard,Annual,2020-11-15,Poor streaming quality,16.64,959,86,1,dhruv,India,Nagaland,Male,2000-01-26,2020-07-14 00:00:00,N,31.0,2.0
1431-GVJCE,2023-10-11,Organic,2024-10-10,Basic,Annual,,,10.02,244,26,0,abhishek,India,Odisha,Male,2004-01-16,,,,
1432-RUURC,2023-01-30,Refferal,2024-01-30,Standard,Annual,,,15.3,1013,9,0,aditi,India,Karnataka,Female,1988-01-10,,,,
1433-IVTNH,2020-08-13,Paid,2021-08-13,Basic,Annual,2021-03-27,Forgot to cancel trial,8.41,320,99,1,parth,India,Maharashtra,Male,1987-11-24,2021-01-18 00:00:00,N,23.0,2.0
1434-NSRLU,2020-07-10,Paid,2020-08-09,Standard,Monthly,2021-03-11,Too expensive,15.41,620,86,1,divya,India,Bihar,Female,1993-02-25,,,,
1435-VGPQA,2022-01-26,Paid,2023-01-26,Standard,Annual,,,18.47,608,11,0,parth,India,West Bengal,Male,2005-01-17,2022-04-28 00:00:00,N,82.0,3.0
1436-ULGTA,2021-03-24,Paid,2021-04-23,Basic,Monthly,,,12.64,568,10,0,myra,India,Meghalaya,Female,1987-01-07,,,,
1437-FCXQB,2020-12-24,Paid,2021-12-24,Standard,Annual,,,18.61,691,30,0,shruti,Nepal,Pokhara,Female,1989-12-05,,,,
1438-YRFUY,2022-06-08,Paid,2022-07-08,Standard,Monthly,2023-01-22,Switched to competitor,18.93,1094,86,1,aarti,India,Karnataka,Female,1990-02-22,2022-10-12 00:00:00,Y,31.0,1.0
1439-OTCSL,2022-10-28,Organic,2022-11-27,Premium,Monthly,,,88.64,2260,37,0,advaith,India,Punjab,Male,2004-10-18,,,,
1440-RZAJT,2019-12-21,Organic,2020-01-20,Standard,Monthly,,,15.42,533,15,0,vijay,India,Nagaland,Male,1981-07-28,,,,
1441-TSYLM,2021-11-28,Organic,2021-12-28,Premium,Monthly,,,28.51,1808,63,0,atharva,India,Uttar Pradesh,Male,1989-05-17,,,,
1442-CTULG,2020-01-16,Paid,2020-02-15,Premium,Monthly,,,32.24,2184,49,0,sara,India,Uttar Pradesh,Female,1978-05-31,,,,
1443-HWGQF,2023-05-27,Refferal,2024-05-26,Premium,Annual,,,21.48,2171,57,0,sunil,India,Haryana,Male,1983-03-27,2023-10-24 00:00:00,Y,64.0,3.0
1444-GVILI,2023-04-04,Organic,2024-04-03,Standard,Annual,,,17.82,1103,29,0,advik,India,Maharashtra,Male,1971-11-06,,,,
1445-VBXRN,2020-06-29,Paid,2021-06-29,Basic,Annual,2020-11-08,Poor streaming quality,8.1,176,76,1,vikas,India,Meghalaya,Male,1975-11-26,,,,
1446-BKSFK,2023-06-01,Paid,2024-05-31,Premium,Annual,,,26.15,1866,31,0,preeti,Nepal,Pokhara,Female,1987-06-30,,,,
1447-QRUJU,2023-10-07,Refferal,2023-11-06,Standard,Monthly,,,17.18,990,19,0,sonal,India,Karnataka,Female,2004-10-10,,,,
1448-YGZXE,2023-06-26,Paid,2023-07-26,Basic,Monthly,2024-03-28,Poor streaming quality,7.36,227,91,1,rohan,India,Gujarat,Male,1984-06-27,2023-10-03 00:00:00,Y,25.0,1.0
1449-COONR,2020-10-16,Organic,2020-11-15,Premium,Monthly,,,24.2,1580,48,0,ranveer,India,Nagaland,Male,1975-07-25,,,,
1450-WMLSF,2020-02-23,Refferal,2020-03-24,Basic,Monthly,,,9.4,530,42,0,aditi,India,Karnataka,Female,1999-12-18,,,,
1451-TMADP,2021-04-12,Paid,2021-05-12,Standard,Monthly,2021-10-23,Forgot to cancel trial,18.23,984,75,1,sneha,India,Tamil Nadu,Female,1991-01-13,2021-06-30 00:00:00,Y,42.0,1.0
1452-BYAMT,2024-01-12,Organic,2024-02-11,Standard,Monthly,,,16.74,966,54,0,myra,India,Haryana,Female,1968-06-12,,,,
1453-VCZGV,2020-01-03,Paid,2021-01-02,Standard,Annual,2020-08-10,Switched to competitor,15.75,544,76,1,aarush,India,Meghalaya,Male,1984-11-22,,,,
1454-IATGI,2021-04-09,Refferal,2022-04-09,Premium,Annual,2021-10-23,Poor streaming quality,20.91,1843,70,1,ira,India,Meghalaya,Female,2005-02-11,2021-07-21 00:00:00,N,22.0,3.0
1455-ZJUOF,2022-12-06,Paid,2023-01-05,Standard,Monthly,,,15.64,557,40,0,vivaan,India,Kerala,Male,1977-03-25,2023-01-07 00:00:00,N,54.0,1.0
1456-DERKN,2020-09-15,Organic,2020-10-15,Standard,Monthly,,,17.54,1057,52,0,priya,India,Maharashtra,Female,1971-05-27,2021-02-22 00:00:00,Y,58.0,1.0
1457-USFKT,2022-12-05,Organic,2023-01-04,Premium,Monthly,,,33.1,1444,19,0,rudra,India,Kerala,Male,1996-05-25,2023-04-07 00:00:00,Y,87.0,2.0
1458-LCESW,2023-03-06,Paid,2023-04-05,Standard,Monthly,,,17.2,1052,36,0,anand,India,Uttar Pradesh,Male,2003-09-11,2023-08-12 00:00:00,Y,100.0,2.0
1459-ZUGTB,2019-06-21,Paid,2019-07-21,Basic,Monthly,,,11.29,187,16,0,abhishek,India,Kerala,Male,2005-01-13,,,,
1460-JQAPV,2023-02-24,Paid,2023-03-26,Standard,Monthly,,,16.33,1179,63,0,pari,India,Tamil Nadu,Female,2004-01-12,,,,
1461-WAGEA,2021-04-21,Organic,2021-05-21,Premium,Monthly,2022-01-23,Switched to competitor,30.51,1332,83,1,kiran,India,Rajasthan,Female,1985-03-12,2021-09-23 00:00:00,Y,10.0,3.0
1462-WZMKE,2023-10-10,Paid,2023-11-09,Basic,Monthly,,,8.66,451,47,0,karan,India,Odisha,Male,1985-09-19,,,,
1463-DYCIQ,2024-05-23,Refferal,2025-05-23,Standard,Annual,,,17.47,1076,40,0,neha,India,Madhya Pradesh,Female,1985-03-03,,,,
1464-DJVVZ,2023-05-22,Refferal,2023-06-21,Standard,Monthly,,,14.21,1007,30,0,meena,India,Bihar,Female,2000-10-03,,,,
1465-GVNQE,2020-06-20,Refferal,2021-06-20,Standard,Annual,2020-12-22,Forgot to cancel trial,16.49,1121,97,1,anand,India,Nagaland,Male,1986-12-26,2020-11-28 00:00:00,Y,34.0,3.0
1466-LPDVC,2020-03-11,Refferal,2020-04-10,Basic,Monthly,,,11.58,394,5,0,vikas,India,Telangana,Male,1974-06-17,2020-07-29 00:00:00,Y,91.0,2.0
1467-ERBPH,2021-04-05,Refferal,2021-05-05,Standard,Monthly,,,17.72,625,39,0,kavya,India,Nagaland,Female,1970-02-07,,,,
1468-UDFLL,2022-11-05,Refferal,2023-11-05,Standard,Annual,,,18.17,1159,23,0,priya,India,Maharashtra,Female,2000-08-01,2023-05-06 00:00:00,N,86.0,2.0
1469-BDHHI,2020-12-21,Organic,2021-01-20,Standard,Monthly,,,14.78,1133,5,0,saanvi,India,Delhi,Female,1968-01-31,,,,
1470-EPWLJ,2021-04-13,Refferal,2022-04-13,Standard,Annual,,,18.87,1033,23,0,anvi,India,Gujarat,Female,1973-11-03,2021-10-29 00:00:00,Y,89.0,3.0
1471-UPGFH,2023-06-26,Organic,2024-06-25,Premium,Annual,2023-11-13,Not enough content,34.29,1432,74,1,ayan,India,Maharashtra,Male,1969-10-16,,,,
1472-FHNQC,2019-04-19,Refferal,2019-05-19,Standard,Monthly,,,15.42,665,22,0,nisha,India,Telangana,Female,1978-06-10,,,,
1473-IIKEX,2019-10-23,Refferal,2019-11-22,Premium,Monthly,,,24.54,1370,18,0,advaith,India,Gujarat,Male,2000-07-29,,,,
1474-FKXXU,2019-04-14,Organic,2019-05-14,Basic,Monthly,,,9.64,546,28,0,kavya,India,Karnataka,Female,1997-05-01,2019-05-08 00:00:00,Y,88.0,1.0
1475-TAEHC,2020-11-22,Paid,2021-11-22,Premium,Annual,,,33.27,1887,15,0,meena,India,Odisha,Female,1966-11-13,2021-03-18 00:00:00,N,86.0,1.0
1476-DIYUB,2023-01-28,Paid,2023-02-27,Premium,Monthly,,,20.94,2710,40,0,pooja,India,Bihar,Female,1994-01-06,2023-07-01 00:00:00,N,81.0,1.0
1477-QEPPN,2024-05-23,Paid,2025-05-23,Premium,Annual,,,29.29,1782,29,0,myra,India,Delhi,Female,1974-09-16,2024-06-27 00:00:00,N,92.0,1.0
1478-CHBBX,2021-03-11,Paid,2022-03-11,Premium,Annual,2021-05-28,Too expensive,24.75,2310,75,1,neha,India,Odisha,Female,1988-01-14,2021-06-07 00:00:00,N,16.0,3.0
1479-RXCBI,2023-04-21,Organic,2023-05-21,Standard,Monthly,,,14.91,756,65,0,pranav,India,Punjab,Male,2002-03-07,2023-06-02 00:00:00,N,96.0,1.0
1480-KYMCG,2023-04-01,Paid,2023-05-01,Basic,Monthly,,,10.21,375,55,0,aarav,Nepal,Pokhara,Male,1976-01-29,,,,
1481-KIDXF,2022-12-06,Paid,2023-12-06,Basic,Annual,,,7.44,379,14,0,kiran,India,Madhya Pradesh,Female,1978-07-26,,,,
1482-VBGFA,2023-07-06,Organic,2024-07-05,Standard,Annual,,,14.9,854,7,0,navya,India,Madhya Pradesh,Female,1971-06-28,,,,
1483-VZPFE,2022-09-08,Organic,2022-10-08,Premium,Monthly,2022-12-17,Poor streaming quality,29.21,2527,91,1,aalia,India,West Bengal,Female,1996-05-15,2023-01-13 00:00:00,N,12.0,1.0
1484-EWJXU,2023-01-25,Paid,2023-02-24,Premium,Monthly,,,21.28,1710,32,0,sai,India,Kerala,Male,1990-12-19,,,,
1485-JVZZA,2022-06-02,Refferal,2023-06-02,Basic,Annual,,,11.68,383,29,0,sunita,India,Tamil Nadu,Female,1990-05-28,,,,
1486-KTGYV,2020-07-23,Refferal,2020-08-22,Basic,Monthly,,,12.39,448,9,0,navya,India,Gujarat,Female,1989-10-13,2021-01-25 00:00:00,Y,60.0,1.0
1487-JCKRJ,2023-10-29,Paid,2023-11-28,Standard,Monthly,2024-05-02,Switched to competitor,17.77,1119,97,1,vivaan,India,Madhya Pradesh,Male,1978-11-05,2024-01-02 00:00:00,N,19.0,2.0
1488-VUMYB,2019-05-10,Refferal,2019-06-09,Standard,Monthly,,,18.71,814,50,0,abhishek,India,Nagaland,Male,1971-04-12,,,,
1489-TWYDX,2021-10-16,Organic,2021-11-15,Basic,Monthly,,,8.82,580,18,0,pooja,India,Haryana,Female,1975-12-15,,,,
1490-CANKZ,2023-12-25,Paid,2024-01-24,Basic,Monthly,2024-01-18,Too expensive,8.4,422,95,1,rahul,India,West Bengal,Male,2000-01-21,2024-06-30 00:00:00,Y,12.0,2.0
1491-BGOLD,2020-01-12,Organic,2021-01-11,Premium,Annual,2020-02-06,Not enough content,29.7,1222,74,1,kiran,India,Madhya Pradesh,Female,1988-11-27,2020-07-05 00:00:00,N,23.0,2.0
1492-KBBAV,2020-11-19,Paid,2021-11-19,Premium,Annual,,,27.27,1296,51,0,arjun,India,Tamil Nadu,Male,1969-12-16,,,,
1493-DRRPJ,2019-06-07,Refferal,2020-06-06,Premium,Annual,,,28.85,2129,33,0,sara,India,Madhya Pradesh,Female,1981-12-12,,,,
1494-XWFMR,2020-04-02,Refferal,2021-04-02,Premium,Annual,,,30.16,1768,17,0,pranav,India,Delhi,Male,1988-11-29,2020-10-13 00:00:00,N,99.0,2.0
1495-VCTLS,2022-03-31,Refferal,2023-03-31,Standard,Annual,2022-06-08,Not enough content,17.63,541,90,1,myra,India,Maharashtra,Female,1987-05-15,,,,
1496-NQXCZ,2023-08-22,Paid,2023-09-21,Basic,Monthly,2024-02-14,Not enough content,10.49,379,88,1,saanvi,India,Meghalaya,Female,1966-06-25,2023-10-24 00:00:00,N,36.0,2.0
1497-ZBJLR,2023-01-12,Paid,2023-02-11,Premium,Monthly,,,25.1,2755,31,0,vihaan,India,Kerala,Male,1981-02-08,,,,
1498-XSRLS,2023-02-25,Organic,2024-02-25,Basic,Annual,,,11.06,154,4,0,harsh,India,Meghalaya,Male,2000-11-04,,,,
1499-QMZZU,2022-11-19,Organic,2023-11-19,Basic,Annual,,,12.65,161,22,0,meena,India,Bihar,Female,1981-06-19,,,,
1500-KCKYD,2021-10-16,Organic,2022-10-16,Premium,Annual,,,28.77,1435,65,0,sara,India,Tamil Nadu,Female,2001-12-13,2022-02-17 00:00:00,N,54.0,2.0
1501-SRFTM,2023-11-27,Paid,2024-11-26,Premium,Annual,2024-01-10,Not enough content,32.97,2745,94,1,dhruv,India,Haryana,Male,1999-08-30,2024-03-29 00:00:00,N,42.0,1.0
1502-GVEMH,2023-04-22,Paid,2023-05-22,Basic,Monthly,,,8.47,566,25,0,reyansh,India,Telangana,Male,1967-08-28,,,,
1503-VCUEJ,2020-07-08,Organic,2020-08-07,Standard,Monthly,,,18.43,1199,4,0,deepak,India,Uttar Pradesh,Male,1977-03-02,,,,
1504-UUIJI,2019-08-21,Refferal,2019-09-20,Premium,Monthly,2020-03-28,Forgot to cancel trial,22.19,2201,93,1,pranav,India,West Bengal,Male,1976-07-26,2019-11-26 00:00:00,N,21.0,1.0
1505-ZIEWU,2022-10-03,Organic,2023-10-03,Standard,Annual,2023-03-27,Forgot to cancel trial,14.59,919,91,1,saanvi,India,Kerala,Female,2001-08-14,,,,
1506-HDUCH,2021-04-02,Refferal,2021-05-02,Premium,Monthly,2021-09-23,Switched to competitor,30.25,2293,97,1,pooja,India,West Bengal,Female,1989-01-05,2021-05-11 00:00:00,Y,45.0,1.0
1507-PVNSY,2020-10-09,Organic,2021-10-09,Premium,Annual,,,30.64,2605,43,0,ahana,India,Maharashtra,Female,1980-01-29,,,,
1508-VJUVX,2020-08-07,Paid,2021-08-07,Standard,Annual,2021-01-13,Switched to competitor,17.96,751,83,1,anvi,India,Madhya Pradesh,Female,1987-02-01,2020-11-18 00:00:00,N,42.0,1.0
1509-KODTL,2022-02-25,Paid,2023-02-25,Premium,Annual,2022-07-20,Switched to competitor,81.51,1448,97,1,riya,India,Uttar Pradesh,Female,2000-03-22,,,,
1510-GZTPB,2023-03-03,Paid,2024-03-02,Basic,Annual,,,9.63,223,11,0,anika,India,Uttar Pradesh,Female,1971-05-05,,,,
1511-YUSHD,2023-03-16,Refferal,2024-03-15,Basic,Annual,,,11.03,455,36,0,anika,India,Kerala,Female,1967-08-21,2023-04-29 00:00:00,N,76.0,2.0
1512-CWPGK,2022-12-27,Refferal,2023-12-27,Standard,Annual,2023-04-19,Switched to competitor,17.66,618,93,1,priya,India,Tamil Nadu,Female,1992-02-13,,,,
1513-RWULC,2022-05-13,Organic,2023-05-13,Premium,Annual,,,34.62,1409,61,0,krishna,India,Gujarat,Male,2005-06-22,,,,
1514-STHBS,2020-04-18,Refferal,2020-05-18,Basic,Monthly,2020-07-09,Forgot to cancel trial,12.78,329,74,1,priya,India,Nagaland,Female,1968-08-16,2020-10-06 00:00:00,Y,31.0,2.0
1515-LYKMH,2020-04-14,Refferal,2021-04-14,Basic,Annual,,,11.38,218,36,0,ganesh,India,Gujarat,Male,1974-09-26,,,,
1516-PUPCY,2019-05-19,Paid,2019-06-18,Premium,Monthly,,,30.02,2627,64,0,aditya,India,Punjab,Male,1965-01-24,,,,
1517-RJUVF,2020-12-30,Organic,2021-01-29,Premium,Monthly,,,29.07,2338,4,0,navya,India,Kerala,Female,1986-05-16,,,,
1518-OJMFG,2023-12-26,Paid,2024-01-25,Premium,Monthly,2024-08-29,Not enough content,24.97,2771,92,1,aalia,India,Meghalaya,Female,1992-06-19,,,,
1519-SNKSA,2019-06-24,Organic,2019-07-24,Premium,Monthly,,,29.34,1771,18,0,deepak,India,Maharashtra,Male,1990-02-26,,,,
1520-QIKAG,2019-08-24,Paid,2020-08-23,Standard,Annual,2019-09-15,Forgot to cancel trial,17.94,530,76,1,rudra,India,Odisha,Male,1997-05-15,2019-12-26 00:00:00,N,20.0,2.0
1521-DFALQ,2020-10-26,Paid,2021-10-26,Basic,Annual,,,10.52,444,22,0,nisha,India,Odisha,Female,1996-06-06,2021-04-07 00:00:00,N,68.0,2.0
1522-RDELI,2022-08-26,Refferal,2023-08-26,Premium,Annual,,,94.32,1730,12,0,aarush,India,Meghalaya,Male,1966-10-07,2023-02-01 00:00:00,N,94.0,2.0
1523-CUXSX,2022-02-20,Refferal,2023-02-20,Premium,Annual,,,28.16,2626,63,0,kavya,Nepal,Pokhara,Female,1989-12-09,,,,
1524-IHBTB,2021-10-29,Paid,2021-11-28,Premium,Monthly,2021-12-09,Switched to competitor,29.26,1849,85,1,swati,India,Haryana,Female,1977-12-30,2021-12-01 00:00:00,N,27.0,1.0
1525-RPZYG,2021-09-15,Refferal,2021-10-15,Standard,Monthly,,,15.71,1021,26,0,suresh,India,Gujarat,Male,1984-10-03,,,,
1526-PZXXD,2024-05-28,Paid,2025-05-28,Basic,Annual,,,7.84,349,14,0,advaith,India,Rajasthan,Male,1986-01-25,,,,
1527-EGAUL,2020-01-07,Paid,2021-01-06,Standard,Annual,,,14.09,1094,49,0,aditi,India,Uttar Pradesh,Female,1971-05-14,,,,
1528-WIMNK,2020-07-04,Organic,2020-08-03,Premium,Monthly,,,26.48,1456,23,0,dev,Nepal,Kathmandu,Male,1974-01-26,,,,
1529-YGXPW,2020-07-11,Paid,2020-08-10,Standard,Monthly,,,17.93,753,5,0,ananya,India,Karnataka,Female,1984-02-13,,,,
1530-UTCWM,2020-05-03,Refferal,2021-05-03,Standard,Annual,,,14.92,581,60,0,shruti,India,Bihar,Female,1968-09-12,,,,
1531-MHAIZ,2023-01-23,Paid,2024-01-23,Basic,Annual,,,8.63,400,59,0,kiran,India,Meghalaya,Female,1978-01-12,2023-04-02 00:00:00,Y,86.0,1.0
1532-NEFGO,2023-09-06,Refferal,2023-10-06,Basic,Monthly,2023-11-22,Too expensive,8.87,552,84,1,kartik,India,Telangana,Male,1997-01-07,2024-01-05 00:00:00,N,40.0,3.0
1533-JVGTM,2022-03-27,Organic,2022-04-26,Standard,Monthly,,,17.42,817,44,0,anita,India,West Bengal,Female,1983-09-27,,,,
1534-XVYTK,2021-09-11,Paid,2021-10-11,Premium,Monthly,,,90.07,1900,11,0,shweta,India,Punjab,Female,1982-12-25,,,,
1535-IWYBJ,2022-02-17,Refferal,2023-02-17,Basic,Annual,,,9.8,303,12,0,tanvi,India,Odisha,Female,1987-03-18,2022-08-18 00:00:00,Y,96.0,2.0
1536-PNUGN,2020-02-19,Refferal,2020-03-20,Basic,Monthly,2020-04-02,Too expensive,7.96,593,77,1,pari,India,Madhya Pradesh,Female,1971-04-08,2020-07-03 00:00:00,Y,11.0,3.0
1537-JNINI,2019-06-03,Paid,2019-07-03,Standard,Monthly,,,17.03,759,48,0,dev,India,Meghalaya,Male,1990-07-19,,,,
1538-FBLOO,2024-05-10,Paid,2025-05-10,Basic,Annual,,,10.93,254,37,0,angel,India,West Bengal,Female,1980-08-29,,,,
1539-OSTLG,2022-11-19,Organic,2022-12-19,Premium,Monthly,,,26.9,2069,22,0,richa,India,West Bengal,Female,1995-08-14,,,,
1540-KYPKX,2021-07-26,Organic,2022-07-26,Standard,Annual,,,16.81,1120,6,0,sara,India,Kerala,Female,2002-07-11,2021-09-02 00:00:00,N,99.0,1.0
1541-VPBUQ,2019-09-12,Paid,2019-10-12,Premium,Monthly,,,20.65,1920,27,0,aarav,India,Bihar,Male,1972-02-16,2020-03-20 00:00:00,Y,84.0,2.0
1542-LFUPZ,2021-02-23,Organic,2022-02-23,Basic,Annual,,,11.03,196,3,0,pari,India,Tamil Nadu,Female,1973-06-18,2021-07-04 00:00:00,N,100.0,3.0
1543-HTJMJ,2022-08-03,Refferal,2023-08-03,Basic,Annual,2022-11-29,Switched to competitor,7.83,288,99,1,kavir,India,Odisha,Male,1967-06-06,2022-09-21 00:00:00,Y,31.0,3.0
1544-QFLIL,2020-11-22,Paid,2021-11-22,Premium,Annual,2021-07-03,Poor streaming quality,34.82,1399,82,1,suresh,India,Kerala,Male,1986-05-06,2021-01-29 00:00:00,N,18.0,3.0
1545-XVFGB,2023-07-22,Paid,2024-07-21,Basic,Annual,,,8.28,576,56,0,deepak,India,West Bengal,Male,1987-08-15,2024-01-19 00:00:00,N,49.0,3.0
1546-IRCHE,2023-10-20,Refferal,2024-10-19,Premium,Annual,2024-02-22,Poor streaming quality,84.14,1714,78,1,amit,India,Rajasthan,Male,1972-12-14,2023-12-28 00:00:00,Y,10.0,2.0
1547-MDXYK,2021-11-04,Paid,2022-11-04,Premium,Annual,2022-05-28,Too expensive,27.71,1647,94,1,rudra,India,Odisha,Male,1967-02-09,2022-04-08 00:00:00,Y,13.0,1.0
1548-FZITL,2019-09-04,Paid,2019-10-04,Premium,Monthly,2020-02-06,Poor streaming quality,30.52,2539,79,1,divya,India,Tamil Nadu,Female,1983-01-21,2020-01-22 00:00:00,Y,14.0,3.0
1549-DIFZT,2021-01-05,Refferal,2022-01-05,Premium,Annual,2021-05-17,Too expensive,26.52,1225,99,1,diya,India,Madhya Pradesh,Female,1982-10-05,2021-06-04 00:00:00,N,27.0,1.0
1550-GDAEZ,2022-07-22,Paid,2022-08-21,Standard,Monthly,,,17.2,735,29,0,rudra,India,Gujarat,Male,1980-03-09,2022-10-07 00:00:00,Y,67.0,1.0
1551-FEWBC,2021-01-10,Refferal,2021-02-09,Standard,Monthly,2021-04-20,Forgot to cancel trial,18.45,1187,74,1,ira,India,Meghalaya,Female,1970-06-20,2021-07-06 00:00:00,N,29.0,3.0
1552-PXMYR,2021-06-16,Refferal,2021-07-16,Standard,Monthly,,,15.51,941,27,0,nisha,India,Maharashtra,Female,1967-04-05,,,,
1553-RFYVR,2023-03-03,Paid,2023-04-02,Premium,Monthly,,,25.22,1884,30,0,riya,India,Odisha,Female,1972-02-15,2023-04-30 00:00:00,N,89.0,2.0
1554-ITEGY,2023-01-30,Refferal,2024-01-30,Standard,Annual,,,14.87,1188,19,0,richa,India,Rajasthan,Female,1986-03-31,,,,
1555-WZKCJ,2023-11-17,Refferal,2024-11-16,Basic,Annual,,,10.0,431,50,0,isha,India,Punjab,Female,1968-11-25,,,,
1556-SYYQE,2022-10-25,Refferal,2023-10-25,Basic,Annual,,,10.11,368,23,0,isha,India,Gujarat,Female,2004-11-25,,,,
1557-CRHWZ,2019-09-06,Paid,2019-10-06,Standard,Monthly,2020-01-03,Poor streaming quality,16.33,1099,74,1,dev,India,Nagaland,Male,1989-06-04,,,,
1558-UQPUC,2021-10-23,Paid,2021-11-22,Basic,Monthly,2022-05-12,Too expensive,7.03,228,73,1,shaurya,India,Maharashtra,Male,1968-06-11,2021-12-29 00:00:00,N,35.0,1.0
1559-RHAOC,2021-09-18,Organic,2021-10-18,Basic,Monthly,,,8.09,328,60,0,pari,India,Nagaland,Female,1989-08-22,,,,
1560-GRLQK,2024-05-02,Paid,2025-05-02,Standard,Annual,,,18.2,717,14,0,aarav,India,Nagaland,Male,1994-06-08,,,,
1561-WNGFW,2020-09-15,Paid,2020-10-15,Basic,Monthly,2021-07-09,Poor streaming quality,9.78,470,92,1,myra,India,Delhi,Female,1979-01-09,2020-11-24 00:00:00,Y,25.0,2.0
1562-AWYFQ,2019-02-21,Paid,2019-03-23,Basic,Monthly,,,8.58,188,11,0,atharva,India,Rajasthan,Male,1970-01-30,,,,
1563-TELED,2020-12-10,Refferal,2021-12-10,Basic,Annual,2021-07-10,Poor streaming quality,10.16,531,98,1,shaurya,India,Nagaland,Male,1969-06-06,2021-03-27 00:00:00,N,17.0,1.0
1564-UZMVN,2021-03-24,Paid,2021-04-23,Standard,Monthly,2021-09-08,Switched to competitor,16.2,516,71,1,vijay,India,West Bengal,Male,1969-04-20,,,,
1565-YFWHR,2019-05-05,Refferal,2020-05-04,Basic,Annual,,,9.67,557,36,0,prisha,India,Odisha,Female,1977-08-10,2019-09-01 00:00:00,Y,90.0,2.0
1566-NLPBA,2020-11-26,Refferal,2020-12-26,Standard,Monthly,2021-03-04,Poor streaming quality,15.63,507,98,1,vivaan,India,Punjab,Male,1977-03-25,2021-05-26 00:00:00,N,25.0,3.0
1567-ACTBF,2022-05-06,Organic,2023-05-06,Basic,Annual,,,8.06,171,7,0,rahul,India,Punjab,Male,1988-12-17,2022-10-21 00:00:00,N,57.0,2.0
1568-RHJVL,2024-01-06,Paid,2024-02-05,Standard,Monthly,2024-06-21,Forgot to cancel trial,17.68,1118,90,1,shalini,India,Telangana,Female,1993-04-18,,,,
1569-ORDBD,2021-06-18,Paid,2021-07-18,Premium,Monthly,,,33.76,2356,4,0,priya,India,Madhya Pradesh,Female,2000-09-11,2021-11-15 00:00:00,Y,46.0,1.0
1570-KIYMY,2024-05-14,Organic,2025-05-14,Standard,Annual,,,16.51,666,45,0,krishna,India,Telangana,Male,1989-11-26,2024-11-21 00:00:00,Y,79.0,1.0
1571-QQEGO,2024-05-14,Organic,2024-06-13,Basic,Monthly,,,10.76,323,60,0,saanvi,India,Odisha,Female,1987-05-19,,,,
1572-ASGXP,2020-08-09,Refferal,2021-08-09,Standard,Annual,2020-12-21,Not enough content,14.67,965,87,1,kiran,India,Odisha,Female,1978-10-31,2021-01-02 00:00:00,N,36.0,3.0
1573-GZWVW,2020-02-03,Organic,2021-02-02,Basic,Annual,,,7.69,503,8,0,siddharth,India,Karnataka,Male,2003-03-23,,,,
1574-RGRIZ,2020-02-04,Paid,2021-02-03,Basic,Annual,,,8.69,286,54,0,riya,India,Odisha,Female,1989-12-20,,,,
1575-TWYFW,2020-06-26,Paid,2021-06-26,Standard,Annual,,,17.2,670,8,0,sai,India,Bihar,Male,1980-03-25,,,,
1576-NHWTJ,2021-04-15,Paid,2022-04-15,Premium,Annual,,,29.76,2552,14,0,rohan,India,Nagaland,Male,1970-07-09,,,,
1577-WZELF,2023-07-21,Organic,2024-07-20,Basic,Annual,,,12.11,181,54,0,harsh,India,Odisha,Male,2004-07-28,2024-01-08 00:00:00,Y,73.0,2.0
1578-XXBYV,2019-07-07,Organic,2020-07-06,Standard,Annual,,,18.89,744,37,0,kabir,India,Telangana,Male,1968-06-02,,,,
1579-VJEFB,2021-03-08,Organic,2021-04-07,Standard,Monthly,,,18.04,1109,18,0,anay,India,Maharashtra,Male,1984-02-06,,,,
1580-XPWDW,2019-06-08,Paid,2020-06-07,Basic,Annual,2019-09-15,Not enough content,9.09,154,98,1,manish,India,Karnataka,Male,1982-04-22,2019-08-17 00:00:00,N,21.0,3.0
1581-UZNFD,2022-06-17,Refferal,2023-06-17,Basic,Annual,,,9.22,585,28,0,vihaan,India,Delhi,Male,1976-11-08,,,,
1582-QVTLW,2019-10-07,Paid,2020-10-06,Basic,Annual,,,10.84,264,13,0,aditya,India,Delhi,Male,1977-10-29,2020-04-18 00:00:00,N,95.0,3.0
1583-LIMLX,2021-09-05,Refferal,2022-09-05,Premium,Annual,,,33.12,1627,30,0,isha,India,Uttar Pradesh,Female,1966-04-16,2022-03-13 00:00:00,N,42.0,2.0
1584-CAHWO,2021-12-22,Paid,2022-12-22,Premium,Annual,2022-08-08,Too expensive,30.11,2667,89,1,ranveer,Nepal,Pokhara,Male,1998-04-16,,,,
1585-XKXIC,2022-09-20,Organic,2023-09-20,Standard,Annual,,,18.18,792,36,0,sai,India,Odisha,Male,1978-01-20,2022-12-05 00:00:00,N,58.0,1.0
1586-NZPGK,2023-04-14,Refferal,2024-04-13,Basic,Annual,,,11.93,520,61,0,ranveer,India,Gujarat,Male,1993-10-01,,,,
1587-JULFW,2019-11-13,Paid,2019-12-13,Basic,Monthly,,,8.01,319,50,0,sonal,India,Kerala,Female,1997-08-19,,,,
1588-HLPQC,2022-06-26,Paid,2023-06-26,Standard,Annual,,,18.38,714,28,0,pooja,India,Rajasthan,Female,2003-03-20,,,,
1589-RPYQD,2022-02-21,Paid,2022-03-23,Standard,Monthly,,,16.84,584,21,0,yash,India,Gujarat,Male,1966-09-16,2022-09-03 00:00:00,N,96.0,3.0
1590-JGEHB,2020-12-26,Organic,2021-01-25,Standard,Monthly,,,17.94,709,29,0,om,India,Rajasthan,Male,1965-12-23,2021-06-02 00:00:00,N,71.0,3.0
1591-RRBCY,2020-02-19,Refferal,2020-03-20,Basic,Monthly,,,10.02,341,8,0,deepak,India,Punjab,Male,1967-03-02,,,,
1592-HKULR,2022-01-11,Organic,2022-02-10,Premium,Monthly,,,83.6,2050,65,0,kartik,India,Telangana,Male,1968-11-29,,,,
1593-KYULW,2023-12-19,Organic,2024-01-18,Standard,Monthly,2024-05-10,Too expensive,18.49,1016,80,1,swati,India,Kerala,Female,1980-08-21,,,,
1594-CXDQO,2020-01-29,Refferal,2020-02-28,Basic,Monthly,2020-03-19,Not enough content,10.91,599,81,1,riya,India,Karnataka,Female,1989-02-08,2020-08-12 00:00:00,N,39.0,2.0
1595-DUALS,2021-09-04,Paid,2021-10-04,Basic,Monthly,,,12.59,365,38,0,myra,India,Tamil Nadu,Female,1978-09-18,,,,
1596-TGDSV,2023-08-17,Paid,2023-09-16,Standard,Monthly,2024-03-03,Forgot to cancel trial,14.83,534,93,1,saanvi,India,Tamil Nadu,Female,1967-05-30,2023-10-02 00:00:00,N,21.0,1.0
1597-GZOXP,2022-07-03,Refferal,2022-08-02,Premium,Monthly,,,31.3,1842,28,0,isha,India,Delhi,Female,1982-03-25,,,,
1598-HHGIG,2023-11-30,Refferal,2024-11-29,Standard,Annual,,,16.68,838,59,0,vivaan,India,Kerala,Male,1972-08-15,2024-04-11 00:00:00,N,88.0,1.0
1599-PJBXH,2024-01-25,Organic,2024-02-24,Premium,Monthly,,,31.15,2615,7,0,pari,India,Uttar Pradesh,Female,1983-12-31,,,,
1600-XAQGS,2019-01-26,Refferal,2020-01-26,Premium,Annual,2019-06-27,Not enough content,29.88,2727,98,1,pari,India,Nagaland,Female,1983-07-22,,,,
1601-MHENX,2020-11-24,Organic,2021-11-24,Premium,Annual,,,20.83,2001,35,0,krishna,India,Punjab,Male,1986-12-23,2021-06-07 00:00:00,N,84.0,2.0
1602-CKOPH,2020-11-30,Refferal,2021-11-30,Standard,Annual,2021-01-20,Too expensive,14.59,923,99,1,vikas,India,Uttar Pradesh,Male,1982-05-29,2021-03-21 00:00:00,N,21.0,2.0
1603-DKKPC,2020-09-30,Refferal,2021-09-30,Premium,Annual,,,27.77,2186,55,0,harsh,India,Bihar,Male,2002-12-08,,,,
1604-PKFOY,2021-03-07,Refferal,2021-04-06,Basic,Monthly,,,11.56,566,8,0,karan,India,Karnataka,Male,1976-08-28,,,,
1605-DADMK,2019-07-05,Refferal,2020-07-04,Basic,Annual,,,9.79,499,56,0,ayan,India,Telangana,Male,1969-11-04,,,,
1606-RFKKD,2021-10-01,Paid,2022-10-01,Standard,Annual,2022-07-09,Not enough content,17.09,796,89,1,aarav,India,Kerala,Male,1983-09-19,2022-04-14 00:00:00,Y,23.0,2.0
1607-FDTEL,2023-05-31,Paid,2024-05-30,Basic,Annual,,,7.69,413,12,0,riya,India,West Bengal,Female,1970-09-18,2023-10-21 00:00:00,Y,93.0,1.0
1608-WRSIR,2022-09-23,Organic,2022-10-23,Basic,Monthly,,,10.93,233,8,0,sara,India,West Bengal,Female,1973-12-19,,,,
1609-UAYQL,2022-08-24,Organic,2022-09-23,Standard,Monthly,,,18.75,834,20,0,aalia,India,Tamil Nadu,Female,1986-07-16,2022-10-19 00:00:00,N,71.0,1.0
1610-SRPZA,2022-09-13,Organic,2022-10-13,Premium,Monthly,,,24.0,2611,47,0,sunil,India,Kerala,Male,1993-05-24,2023-03-24 00:00:00,Y,63.0,2.0
1611-NOLBS,2021-10-22,Paid,2021-11-21,Premium,Monthly,,,29.58,2239,13,0,priya,India,Tamil Nadu,Female,2000-09-07,,,,
1612-XBDPL,2021-04-16,Paid,2022-04-16,Standard,Annual,,,18.19,640,13,0,khushi,India,Uttar Pradesh,Female,1982-12-10,,,,
1613-SUKVR,2019-09-26,Refferal,2020-09-25,Premium,Annual,2020-02-19,Not enough content,33.68,1807,97,1,tanvi,India,Maharashtra,Female,2004-11-23,,,,
1614-ZWBWX,2023-12-11,Organic,2024-01-10,Premium,Monthly,,,25.87,2019,35,0,priya,India,Maharashtra,Female,1999-11-08,2024-05-08 00:00:00,N,87.0,1.0
1615-YTTJA,2021-04-30,Paid,2021-05-30,Premium,Monthly,2022-01-22,Forgot to cancel trial,32.39,2039,86,1,sanjay,India,Delhi,Male,1971-12-02,2021-07-01 00:00:00,N,23.0,2.0
1616-YCBAX,2020-02-13,Refferal,2021-02-12,Basic,Annual,,,8.76,278,60,0,meena,India,Haryana,Female,1974-11-11,,,,
1617-KAQPS,2023-09-15,Organic,2024-09-14,Standard,Annual,,,16.38,825,55,0,meena,India,West Bengal,Female,1986-12-31,,,,
1618-PBGPP,2023-01-11,Refferal,2023-02-10,Standard,Monthly,,,16.58,1014,10,0,khushi,Nepal,Lalitpur,Female,1994-04-30,2023-04-10 00:00:00,Y,46.0,1.0
1619-ZUKWD,2021-11-22,Organic,2022-11-22,Basic,Annual,,,12.09,549,10,0,nisha,India,Karnataka,Female,1995-10-17,,,,
1620-PMTBB,2020-06-11,Paid,2021-06-11,Premium,Annual,,,23.7,2216,57,0,aditya,India,Odisha,Male,1987-09-20,,,,
1621-OVQAP,2021-02-13,Paid,2021-03-15,Premium,Monthly,,,23.49,1227,11,0,pranav,India,Odisha,Male,1979-04-07,,,,
1622-OGUEQ,2022-05-16,Paid,2022-06-15,Premium,Monthly,2022-11-07,Forgot to cancel trial,24.69,1778,75,1,sai,Nepal,Lalitpur,Male,1994-06-09,,,,
1623-VARTD,2023-08-30,Organic,2024-08-29,Basic,Annual,,,12.36,549,22,0,aarti,Nepal,Pokhara,Female,2003-03-31,2024-01-26 00:00:00,N,70.0,1.0
1624-FLHSF,2022-09-22,Organic,2023-09-22,Premium,Annual,2022-10-09,Poor streaming quality,20.13,1982,75,1,rajesh,India,Uttar Pradesh,Male,1972-03-24,2023-02-17 00:00:00,Y,30.0,2.0
1625-VNBLL,2023-07-23,Refferal,2023-08-22,Basic,Monthly,,,12.24,180,36,0,nisha,India,Meghalaya,Female,1996-08-05,,,,
1626-ZILAN,2021-06-15,Paid,2022-06-15,Basic,Annual,2022-02-26,Too expensive,10.56,479,94,1,kavir,India,Maharashtra,Male,1974-05-21,2021-11-14 00:00:00,N,40.0,2.0
1627-SCTIL,2021-12-25,Organic,2022-12-25,Basic,Annual,,,11.31,485,41,0,karan,India,Tamil Nadu,Male,2001-03-10,,,,
1628-BCNYT,2023-06-01,Organic,2024-05-31,Basic,Annual,,,8.91,369,29,0,ayan,India,Haryana,Male,1986-05-15,,,,
1629-AJRTW,2023-10-27,Refferal,2023-11-26,Standard,Monthly,2024-04-22,Forgot to cancel trial,16.16,561,85,1,vijay,India,Odisha,Male,1997-12-25,2024-03-27 00:00:00,Y,29.0,3.0
1630-DULII,2019-01-16,Refferal,2019-02-15,Basic,Monthly,,,12.76,496,61,0,shweta,India,Meghalaya,Female,1983-01-20,2019-04-27 00:00:00,Y,73.0,1.0
1631-USRXJ,2022-07-19,Paid,2022-08-18,Basic,Monthly,,,11.1,326,20,0,kavya,India,Rajasthan,Female,2005-01-09,,,,
1632-TTSKC,2024-05-02,Paid,2024-06-01,Premium,Monthly,2024-05-17,Poor streaming quality,35.4,2637,86,1,ayan,India,Meghalaya,Male,1973-01-09,2024-10-29 00:00:00,N,16.0,1.0
1633-JIHVP,2019-04-15,Organic,2020-04-14,Standard,Annual,,,15.11,707,13,0,richa,India,Uttar Pradesh,Female,1968-11-02,,,,
1634-LERWA,2023-08-24,Refferal,2024-08-23,Premium,Annual,,,22.22,2796,26,0,aditi,India,Punjab,Female,1981-02-28,2023-11-17 00:00:00,N,80.0,2.0
1635-HKRNW,2019-12-29,Refferal,2020-12-28,Standard,Annual,2020-02-21,Poor streaming quality,16.32,1180,76,1,pranav,India,Rajasthan,Male,2003-03-06,2020-05-23 00:00:00,Y,12.0,1.0
1636-MTZDU,2023-08-18,Paid,2024-08-17,Standard,Annual,2024-01-02,Not enough content,16.84,1146,95,1,pranav,India,Punjab,Male,1978-12-24,,,,
1637-WRFCS,2021-12-09,Paid,2022-12-09,Standard,Annual,,,15.52,797,37,0,siddharth,India,Punjab,Male,1984-05-11,,,,
1638-LXWJE,2021-12-15,Paid,2022-01-14,Basic,Monthly,,,9.29,546,5,0,navya,India,Nagaland,Female,1993-06-08,,,,
1639-UEKAK,2021-11-12,Refferal,2021-12-12,Premium,Monthly,,,26.07,1839,64,0,kartik,India,Gujarat,Male,1992-06-22,2022-04-26 00:00:00,N,74.0,2.0
1640-WDBJW,2023-03-01,Paid,2023-03-31,Standard,Monthly,,,14.37,569,3,0,ira,India,Odisha,Female,1990-09-02,,,,
1641-TQJER,2019-07-13,Paid,2020-07-12,Basic,Annual,2020-04-08,Switched to competitor,12.57,486,73,1,karan,India,Maharashtra,Male,2002-09-15,2020-01-28 00:00:00,N,26.0,3.0
1642-AUNRO,2023-11-23,Paid,2023-12-23,Basic,Monthly,,,12.82,230,30,0,anvi,India,Kerala,Female,1971-03-23,2024-02-19 00:00:00,N,70.0,1.0
1643-ZDTPG,2021-09-23,Paid,2022-09-23,Basic,Annual,,,11.72,272,35,0,saanvi,India,Rajasthan,Female,1981-05-23,,,,
1644-HTYZR,2022-04-27,Paid,2022-05-27,Premium,Monthly,2022-05-25,Forgot to cancel trial,28.98,2274,77,1,deepak,India,Kerala,Male,1976-07-10,2022-07-14 00:00:00,N,25.0,1.0
1645-PBIAZ,2019-08-30,Refferal,2019-09-29,Basic,Monthly,2019-10-10,Poor streaming quality,9.79,237,89,1,shalini,India,Nagaland,Female,1980-01-04,2020-02-28 00:00:00,Y,17.0,2.0
1646-YWAFG,2021-03-22,Paid,2022-03-22,Basic,Annual,,,9.86,549,27,0,preeti,India,Odisha,Female,1995-11-09,,,,
1647-YLFJB,2019-01-04,Organic,2020-01-04,Premium,Annual,,,29.5,1515,57,0,shweta,India,Meghalaya,Female,1965-04-20,2019-07-01 00:00:00,N,80.0,3.0
1648-KUIZJ,2021-05-25,Organic,2022-05-25,Standard,Annual,,,16.61,970,19,0,aarti,India,Karnataka,Female,1974-09-26,,,,
1649-OGGKG,2021-01-02,Organic,2022-01-02,Basic,Annual,,,11.43,584,36,0,ganesh,India,Telangana,Male,1992-12-30,,,,
1650-ZEPOM,2023-07-17,Refferal,2024-07-16,Premium,Annual,,,24.86,1757,15,0,aarush,India,Maharashtra,Male,1969-03-04,,,,
1651-RWATY,2021-01-16,Paid,2022-01-16,Premium,Annual,,,27.66,2448,52,0,vikas,Nepal,Pokhara,Male,1988-12-15,,,,
1652-RUGIF,2020-08-23,Organic,2021-08-23,Standard,Annual,,,16.14,1154,16,0,richa,India,Nagaland,Female,1967-04-19,2021-02-13 00:00:00,N,69.0,3.0
1653-KNEKI,2024-02-22,Refferal,2025-02-21,Standard,Annual,,,18.66,613,27,0,ayan,India,West Bengal,Male,1984-09-21,2024-08-22 00:00:00,Y,93.0,2.0
1654-EMOQN,2019-02-22,Refferal,2020-02-22,Basic,Annual,,,11.3,328,38,0,ahana,India,Delhi,Female,1993-01-06,,,,
1655-WFSBU,2022-03-04,Paid,2023-03-04,Basic,Annual,,,9.95,213,42,0,ramesh,India,Telangana,Male,1970-07-25,,,,
1656-GSWHH,2021-01-26,Paid,2021-02-25,Basic,Monthly,,,8.42,591,6,0,vihaan,India,Gujarat,Male,1966-08-17,,,,
1657-IULZM,2023-03-15,Paid,2023-04-14,Standard,Monthly,,,18.61,773,40,0,preeti,India,Rajasthan,Female,1997-11-18,,,,
1658-OTDWC,2020-10-20,Paid,2021-10-20,Premium,Annual,,,35.02,2145,47,0,prisha,India,Haryana,Female,1993-04-23,,,,
1659-RSYMB,2019-04-23,Paid,2020-04-22,Standard,Annual,2019-05-09,Switched to competitor,14.59,831,82,1,dev,India,Meghalaya,Male,1980-11-27,,,,
1660-SGZEJ,2023-10-01,Paid,2024-09-30,Standard,Annual,,,14.73,500,12,0,aditya,India,Telangana,Male,2005-05-22,,,,
1661-OSRCL,2021-07-28,Organic,2021-08-27,Premium,Monthly,2022-03-08,Poor streaming quality,24.7,2488,99,1,aadhya,India,Tamil Nadu,Female,1973-01-02,,,,
1662-EWATI,2020-09-24,Paid,2021-09-24,Standard,Annual,2021-04-23,Poor streaming quality,14.62,928,79,1,vikram,India,Uttar Pradesh,Male,1990-10-10,2021-03-29 00:00:00,N,32.0,3.0
1663-REXGA,2022-10-08,Organic,2023-10-08,Standard,Annual,,,16.19,915,21,0,aalia,India,Meghalaya,Female,1971-12-11,,,,
1664-ITEEZ,2024-04-19,Refferal,2025-04-19,Basic,Annual,2024-06-07,Too expensive,9.79,490,87,1,dev,India,Gujarat,Male,1974-12-05,2024-08-17 00:00:00,Y,17.0,2.0
1665-TXOHI,2023-02-14,Paid,2024-02-14,Standard,Annual,,,14.03,660,26,0,sara,India,West Bengal,Female,1970-05-07,2023-07-05 00:00:00,N,91.0,2.0
1666-IRPWS,2023-11-26,Paid,2023-12-26,Standard,Monthly,,,16.14,535,14,0,anvi,India,West Bengal,Female,1990-03-07,2024-05-26 00:00:00,N,44.0,2.0
1667-MNPFV,2023-07-12,Paid,2023-08-11,Premium,Monthly,,,21.05,2066,10,0,ramesh,India,Gujarat,Male,1999-04-30,2024-01-07 00:00:00,N,60.0,2.0
1668-YULID,2021-07-09,Organic,2021-08-08,Basic,Monthly,,,7.63,420,13,0,krishna,India,Gujarat,Male,2005-07-03,,,,
1669-LQNBV,2023-07-16,Organic,2024-07-15,Premium,Annual,2023-08-07,Forgot to cancel trial,21.75,2431,93,1,saanvi,India,Tamil Nadu,Female,1989-11-04,2024-01-04 00:00:00,N,42.0,3.0
1670-FSAZO,2020-11-29,Refferal,2021-11-29,Premium,Annual,,,29.43,1416,7,0,dev,India,Karnataka,Male,1980-03-18,2021-03-20 00:00:00,N,66.0,3.0
1671-UDCSS,2019-04-16,Paid,2020-04-15,Premium,Annual,,,28.14,1739,47,0,tanvi,India,Telangana,Female,1982-10-15,,,,
1672-PWKWD,2022-11-07,Paid,2023-11-07,Premium,Annual,,,34.41,2059,34,0,advaith,India,Gujarat,Male,1998-06-04,,,,
1673-XQFHO,2020-08-18,Refferal,2020-09-17,Standard,Monthly,,,15.34,540,12,0,anika,India,Odisha,Female,1990-07-24,,,,
1674-SOIUD,2022-02-05,Paid,2023-02-05,Standard,Annual,,,14.46,690,60,0,advaith,India,Meghalaya,Male,1977-03-02,2022-06-15 00:00:00,Y,74.0,3.0
1675-WFGWA,2021-11-20,Refferal,2022-11-20,Premium,Annual,2022-06-19,Not enough content,28.72,2407,83,1,rohan,India,Gujarat,Male,2002-09-13,2022-05-14 00:00:00,N,36.0,2.0
1676-GOCEI,2023-09-07,Refferal,2023-10-07,Basic,Monthly,,,12.42,551,57,0,myra,India,Kerala,Female,1980-03-20,,,,
1677-XAWMR,2019-02-06,Organic,2020-02-06,Premium,Annual,2019-06-10,Not enough content,32.12,2131,81,1,amit,India,Tamil Nadu,Male,1981-04-12,2019-08-20 00:00:00,Y,25.0,3.0
1678-WQXKM,2019-06-12,Refferal,2019-07-12,Standard,Monthly,,,14.0,735,18,0,shweta,India,Meghalaya,Female,1998-09-11,,,,
1679-WEACO,2019-10-19,Organic,2020-10-18,Basic,Annual,2020-01-07,Not enough content,10.54,465,78,1,shweta,India,Kerala,Female,1993-11-27,2020-02-15 00:00:00,N,13.0,2.0
1680-ZRNWE,2020-01-24,Refferal,2020-02-23,Premium,Monthly,,,33.22,2294,56,0,aarush,India,Haryana,Male,1966-07-25,,,,
1681-HVATR,2020-09-29,Paid,2021-09-29,Basic,Annual,,,12.27,445,49,0,priya,India,Uttar Pradesh,Female,1981-07-13,,,,
1682-REIDQ,2022-04-27,Paid,2023-04-27,Premium,Annual,,,35.78,2275,7,0,rudra,India,Delhi,Male,2003-03-25,,,,
1683-TNLST,2023-05-17,Refferal,2024-05-16,Premium,Annual,,,22.15,1435,24,0,advaith,India,West Bengal,Male,1992-09-27,,,,
1684-EYIQC,2022-10-13,Organic,2023-10-13,Standard,Annual,,,15.45,1076,59,0,swati,India,Madhya Pradesh,Female,1990-08-12,,,,
1685-MCMQD,2019-07-19,Refferal,2020-07-18,Basic,Annual,,,10.02,358,41,0,vivaan,India,Nagaland,Male,1966-01-16,2019-10-13 00:00:00,Y,71.0,1.0
1686-PCWTT,2022-12-31,Paid,2023-12-31,Premium,Annual,2023-09-19,Not enough content,31.1,1758,75,1,divya,India,Maharashtra,Female,1994-10-11,,,,
1687-PKJRQ,2021-08-09,Organic,2022-08-09,Basic,Annual,,,8.07,261,19,0,aditya,India,Kerala,Male,1970-02-27,2021-11-05 00:00:00,Y,67.0,1.0
1688-JLMLG,2020-10-22,Organic,2020-11-21,Premium,Monthly,,,21.1,2525,41,0,siddharth,India,West Bengal,Male,1988-11-12,2021-02-24 00:00:00,N,44.0,1.0
1689-WAUCR,2021-04-24,Refferal,2022-04-24,Premium,Annual,2021-08-04,Not enough content,24.36,2735,73,1,deepak,India,Punjab,Male,1982-08-19,2021-09-04 00:00:00,N,25.0,2.0
1690-YWOSW,2021-08-29,Refferal,2021-09-28,Premium,Monthly,,,20.88,2270,44,0,richa,India,Punjab,Female,1986-12-18,,,,
1691-VVGST,2020-02-24,Refferal,2021-02-23,Premium,Annual,,,34.9,2373,58,0,atharva,India,Delhi,Male,1976-09-04,,,,
1692-LKHFW,2021-04-01,Organic,2021-05-01,Basic,Monthly,,,10.9,252,48,0,sanjay,India,West Bengal,Male,1982-08-22,,,,
1693-UBRKB,2023-04-17,Organic,2024-04-16,Premium,Annual,,,30.1,1704,26,0,anika,India,Odisha,Female,1969-11-07,,,,
1694-MQEUI,2022-04-28,Refferal,2022-05-28,Standard,Monthly,,,14.44,686,61,0,divya,India,Karnataka,Female,1980-01-05,,,,
1695-PPCHO,2020-03-10,Organic,2021-03-10,Premium,Annual,,,29.14,1736,13,0,aadhya,India,Meghalaya,Female,1990-09-29,2020-09-25 00:00:00,N,74.0,2.0
1696-STZNE,2021-08-26,Paid,2022-08-26,Standard,Annual,2022-03-17,Not enough content,16.78,660,92,1,navya,India,Kerala,Female,2000-09-23,,,,
1697-IMAZL,2023-01-01,Organic,2023-01-31,Basic,Monthly,,,9.13,223,31,0,yash,India,Meghalaya,Male,1989-07-15,,,,
1698-MJXJX,2023-10-08,Refferal,2024-10-07,Standard,Annual,,,16.05,1192,5,0,neha,India,Rajasthan,Female,1983-06-02,,,,
1699-DNCAZ,2023-02-24,Paid,2024-02-24,Basic,Annual,,,11.47,323,44,0,anika,India,Karnataka,Female,1989-03-20,2023-08-22 00:00:00,N,71.0,3.0
1700-PLVSY,2020-05-11,Organic,2020-06-10,Standard,Monthly,,,18.08,953,39,0,prisha,India,Tamil Nadu,Female,1982-06-08,,,,
1701-FYPWE,2021-09-20,Paid,2021-10-20,Premium,Monthly,,,34.17,1790,6,0,ahana,India,Delhi,Female,1980-06-22,2021-10-24 00:00:00,N,40.0,1.0
1702-XAMTA,2021-09-23,Paid,2021-10-23,Standard,Monthly,,,15.88,1085,50,0,tanvi,India,Delhi,Female,1977-02-05,,,,
1703-PPCTM,2021-12-15,Paid,2022-12-15,Standard,Annual,,,16.52,1109,25,0,siddharth,India,Telangana,Male,1992-07-17,,,,
1704-WLGUP,2020-05-12,Refferal,2021-05-12,Basic,Annual,,,9.02,278,33,0,kavya,India,Punjab,Female,1967-11-24,2020-10-27 00:00:00,Y,49.0,2.0
1705-JXBWQ,2023-07-26,Refferal,2023-08-25,Premium,Monthly,,,32.45,1862,23,0,priya,India,Uttar Pradesh,Female,1970-09-10,2024-02-02 00:00:00,N,76.0,3.0
1706-HYHDR,2023-05-06,Paid,2024-05-05,Basic,Annual,,,8.2,599,59,0,diya,Nepal,Kathmandu,Female,1992-05-14,,,,
1707-PMYVR,2022-05-02,Paid,2022-06-01,Premium,Monthly,,,27.83,2488,33,0,vikas,India,Rajasthan,Male,1987-08-07,,,,
1708-WDSME,2023-01-24,Organic,2024-01-24,Standard,Annual,,,16.05,1082,39,0,saanvi,India,Madhya Pradesh,Female,1985-06-10,,,,
1709-NIIAW,2022-12-13,Organic,2023-12-13,Basic,Annual,,,12.66,523,52,0,abhishek,India,Gujarat,Male,1981-04-27,,,,
1710-RALGE,2021-03-01,Organic,2021-03-31,Standard,Monthly,2021-10-19,Poor streaming quality,17.1,1186,81,1,vikram,India,Bihar,Male,1988-03-08,2021-06-27 00:00:00,N,45.0,2.0
1711-CWUWL,2023-04-16,Organic,2023-05-16,Standard,Monthly,,,14.97,901,43,0,rajesh,India,Tamil Nadu,Male,1965-04-28,,,,
1712-LFQJU,2021-04-30,Paid,2021-05-30,Basic,Monthly,2022-02-19,Too expensive,11.67,423,82,1,karan,India,Telangana,Male,2003-03-23,,,,
1713-VEWNI,2019-12-16,Paid,2020-01-15,Basic,Monthly,2020-08-05,Too expensive,9.83,395,97,1,tanvi,India,Meghalaya,Female,1970-01-04,,,,
1714-NNAOR,2020-02-12,Refferal,2021-02-11,Standard,Annual,2020-10-27,Poor streaming quality,15.67,923,82,1,rahul,India,Odisha,Male,1970-07-19,,,,
1715-OLGXU,2022-10-02,Paid,2023-10-02,Premium,Annual,2023-07-16,Forgot to cancel trial,22.08,1801,80,1,diya,India,West Bengal,Female,1998-06-03,2023-03-16 00:00:00,N,30.0,1.0
1716-NDINT,2019-02-03,Paid,2019-03-05,Standard,Monthly,,,14.29,978,62,0,ira,India,Maharashtra,Female,1971-11-11,,,,
1717-PDJND,2019-07-02,Organic,2020-07-01,Basic,Annual,,,11.22,375,25,0,sai,India,Kerala,Male,1993-03-31,2019-09-24 00:00:00,N,59.0,1.0
1718-YODQA,2022-08-22,Paid,2022-09-21,Premium,Monthly,,,23.59,1632,28,0,harsh,India,Tamil Nadu,Male,1992-12-25,2022-10-08 00:00:00,N,60.0,1.0
1719-XCASG,2022-07-15,Refferal,2023-07-15,Standard,Annual,,,17.5,1187,52,0,aarush,India,Rajasthan,Male,1976-09-10,2022-09-24 00:00:00,N,77.0,1.0
1720-ASWSW,2021-02-10,Organic,2022-02-10,Basic,Annual,,,10.38,407,16,0,nisha,India,West Bengal,Female,1969-09-08,2021-07-16 00:00:00,N,47.0,1.0
1721-ZYXCX,2022-01-30,Organic,2023-01-30,Basic,Annual,,,7.6,279,62,0,kartik,India,Punjab,Male,1992-01-15,,,,
1722-ZJGEJ,2019-12-19,Organic,2020-12-18,Standard,Annual,,,17.95,1154,22,0,diya,India,Punjab,Female,1991-08-16,,,,
1723-JOQQQ,2023-05-05,Paid,2023-06-04,Standard,Monthly,2023-07-01,Not enough content,14.17,784,96,1,myra,India,Uttar Pradesh,Female,1994-04-01,,,,
1724-LXIWG,2022-10-29,Refferal,2022-11-28,Premium,Monthly,,,34.44,2420,26,0,rohan,India,Gujarat,Male,1977-09-26,2023-04-24 00:00:00,N,91.0,3.0
1725-MLAEO,2020-10-01,Organic,2021-10-01,Premium,Annual,,,26.66,2195,46,0,suresh,India,Punjab,Male,1979-08-05,2020-12-11 00:00:00,N,97.0,2.0
1726-EEEJK,2020-03-01,Refferal,2021-03-01,Basic,Annual,,,12.17,334,56,0,ishaan,India,Haryana,Male,1997-04-17,2020-06-08 00:00:00,N,74.0,3.0
1727-QNHWX,2020-09-20,Organic,2020-10-20,Premium,Monthly,,,29.88,1415,18,0,suresh,India,Delhi,Male,1971-10-15,2021-01-07 00:00:00,Y,68.0,2.0
1728-LLPXU,2022-08-04,Refferal,2023-08-04,Standard,Annual,,,16.91,654,21,0,sanjay,India,Tamil Nadu,Male,1999-03-13,2022-12-12 00:00:00,N,96.0,3.0
1729-KGVZA,2020-03-04,Organic,2020-04-03,Basic,Monthly,,,7.44,213,48,0,aalia,India,Haryana,Female,2005-04-06,,,,
1730-WMPIH,2023-06-18,Refferal,2023-07-18,Premium,Monthly,,,20.24,1772,3,0,anand,India,Uttar Pradesh,Male,1973-07-01,2023-11-22 00:00:00,Y,73.0,2.0
1731-YBJUR,2023-07-16,Organic,2024-07-15,Premium,Annual,2023-11-01,Too expensive,85.66,2073,83,1,vikas,India,Nagaland,Male,1981-02-15,2024-01-04 00:00:00,Y,19.0,2.0
1732-WMQDY,2021-05-22,Refferal,2021-06-21,Basic,Monthly,2022-03-04,Not enough content,9.01,362,71,1,diya,India,Meghalaya,Female,2003-12-22,2021-09-26 00:00:00,N,41.0,2.0
1733-AZMJW,2020-03-15,Paid,2020-04-14,Standard,Monthly,,,16.78,1189,10,0,preeti,India,Kerala,Female,1967-03-24,2020-08-01 00:00:00,N,69.0,2.0
1734-YTPFA,2022-09-23,Paid,2022-10-23,Standard,Monthly,2023-03-02,Poor streaming quality,17.97,993,75,1,vivaan,India,West Bengal,Male,2002-12-05,2023-03-14 00:00:00,N,43.0,2.0
1735-EFDIE,2020-06-08,Organic,2020-07-08,Standard,Monthly,2020-11-21,Poor streaming quality,16.95,1192,91,1,atharva,India,Bihar,Male,1995-01-31,2020-11-24 00:00:00,Y,44.0,1.0
1736-UJGOB,2023-09-08,Refferal,2023-10-08,Standard,Monthly,,,18.2,868,44,0,anay,India,Telangana,Male,1982-12-08,,,,
1737-AVIGM,2022-06-17,Refferal,2022-07-17,Premium,Monthly,2022-08-10,Too expensive,23.0,1496,98,1,aarav,India,Madhya Pradesh,Male,1998-07-16,,,,
1738-SAFGU,2020-10-01,Paid,2020-10-31,Basic,Monthly,2021-01-30,Not enough content,12.31,496,99,1,aarti,India,Gujarat,Female,1965-10-29,2021-03-30 00:00:00,N,14.0,2.0
1739-TDKVF,2020-01-25,Organic,2020-02-24,Basic,Monthly,,,9.84,503,41,0,siddharth,India,Karnataka,Male,2005-07-23,,,,
1740-HMTBT,2023-03-31,Paid,2024-03-30,Standard,Annual,,,17.98,738,13,0,ananya,India,Maharashtra,Female,1965-04-04,,,,
1741-ZJJML,2019-11-04,Refferal,2019-12-04,Premium,Monthly,2020-05-04,Poor streaming quality,32.52,1400,83,1,anvi,India,Uttar Pradesh,Female,1994-04-03,2020-04-05 00:00:00,Y,22.0,2.0
1742-RPJCI,2023-04-23,Paid,2023-05-23,Standard,Monthly,,,18.92,823,63,0,krishna,India,Madhya Pradesh,Male,1996-02-20,,,,
1743-QXYPS,2020-10-11,Organic,2020-11-10,Basic,Monthly,,,8.54,520,13,0,sonal,India,Nagaland,Female,1986-05-31,2021-02-06 00:00:00,Y,87.0,3.0
1744-XXGOX,2022-09-02,Organic,2023-09-02,Standard,Annual,2022-11-18,Switched to competitor,17.69,505,70,1,meena,India,Tamil Nadu,Female,2005-08-01,2023-01-03 00:00:00,Y,16.0,1.0
1745-QACDF,2019-06-29,Paid,2019-07-29,Basic,Monthly,,,12.62,312,27,0,sai,India,Odisha,Male,1993-04-29,,,,
1746-VGAOR,2022-02-06,Organic,2023-02-06,Basic,Annual,,,7.73,595,20,0,shruti,India,Punjab,Female,1997-06-04,,,,
1747-EYSVV,2019-10-23,Paid,2019-11-22,Basic,Monthly,2020-04-05,Too expensive,8.36,581,83,1,shweta,India,Tamil Nadu,Female,1994-07-23,,,,
1748-KNKFU,2024-02-26,Refferal,2025-02-25,Standard,Annual,,,15.58,566,34,0,diya,India,West Bengal,Female,1992-07-07,2024-05-24 00:00:00,Y,99.0,2.0
1749-PILUQ,2024-03-16,Refferal,2024-04-15,Basic,Monthly,,,10.84,298,50,0,diya,India,Telangana,Female,1986-05-06,,,,
1750-GCRYO,2023-03-15,Paid,2024-03-14,Premium,Annual,,,26.0,2768,65,0,kartik,India,Haryana,Male,1990-11-13,2023-09-14 00:00:00,N,80.0,1.0
1751-QMVGG,2021-06-03,Refferal,2022-06-03,Basic,Annual,,,7.55,368,26,0,rohan,Nepal,Lalitpur,Male,2003-06-04,2021-08-28 00:00:00,Y,40.0,2.0
1752-MCTNQ,2023-01-23,Refferal,2024-01-23,Basic,Annual,,,10.58,397,12,0,khushi,India,Kerala,Female,1972-08-03,,,,
1753-NLDKB,2019-07-05,Refferal,2020-07-04,Standard,Annual,,,14.17,1151,53,0,vijay,India,Rajasthan,Male,1977-12-02,,,,
1754-TNXPN,2019-11-04,Refferal,2019-12-04,Standard,Monthly,,,18.67,840,59,0,vikram,India,Telangana,Male,1968-12-29,,,,
1755-UWFYE,2022-12-21,Organic,2023-12-21,Standard,Annual,,,14.61,679,47,0,nisha,India,Kerala,Female,1965-02-07,2023-05-02 00:00:00,N,71.0,2.0
1756-DIMSW,2020-06-01,Organic,2020-07-01,Standard,Monthly,,,16.96,992,26,0,reyansh,India,Tamil Nadu,Male,1997-05-29,,,,
1757-LQQDB,2024-01-26,Refferal,2024-02-25,Premium,Monthly,,,25.82,2713,34,0,tanvi,India,West Bengal,Female,1975-02-24,,,,
1758-USFHU,2023-01-17,Refferal,2023-02-16,Standard,Monthly,2023-03-16,Too expensive,18.79,573,74,1,riya,India,Kerala,Female,1985-05-11,2023-07-09 00:00:00,N,14.0,1.0
1759-RBAIJ,2023-09-01,Paid,2023-10-01,Basic,Monthly,,,8.26,571,14,0,atharva,India,Punjab,Male,1990-11-15,2023-09-14 00:00:00,N,90.0,1.0
1760-NISUB,2020-12-24,Refferal,2021-12-24,Premium,Annual,2021-08-13,Forgot to cancel trial,23.27,1453,73,1,riya,India,Nagaland,Female,1976-02-25,2021-06-13 00:00:00,Y,10.0,2.0
1761-BLOHP,2023-12-24,Refferal,2024-01-23,Premium,Monthly,,,21.96,1627,45,0,alok,India,Bihar,Male,1993-08-14,2024-04-08 00:00:00,Y,93.0,2.0
1762-WAIGJ,2019-02-26,Refferal,2019-03-28,Premium,Monthly,2019-05-21,Forgot to cancel trial,30.42,1859,99,1,pranav,India,Nagaland,Male,1994-12-05,2019-08-01 00:00:00,N,20.0,2.0
1763-MZLHI,2021-05-02,Refferal,2022-05-02,Basic,Annual,,,10.86,489,16,0,pranav,India,Bihar,Male,1999-08-16,,,,
1764-GCUBL,2019-02-22,Refferal,2019-03-24,Standard,Monthly,,,15.02,616,19,0,reyansh,Nepal,Lalitpur,Male,1979-11-29,,,,
1765-FMCMU,2022-04-04,Organic,2022-05-04,Basic,Monthly,,,8.71,339,5,0,sunil,India,Telangana,Male,1966-03-27,,,,
1766-UKVLS,2023-12-06,Paid,2024-01-05,Standard,Monthly,,,18.72,637,41,0,dhruv,India,Gujarat,Male,1986-06-14,2024-05-18 00:00:00,N,48.0,3.0
1767-QMVZA,2022-01-05,Organic,2023-01-05,Premium,Annual,,,33.75,2730,23,0,rudra,India,West Bengal,Male,1965-07-03,,,,
1768-YLZSO,2020-06-17,Organic,2021-06-17,Basic,Annual,,,12.83,339,45,0,om,India,Tamil Nadu,Male,1973-04-27,2020-09-01 00:00:00,Y,90.0,2.0
1769-UPPGY,2023-11-24,Organic,2024-11-23,Premium,Annual,,,30.06,2490,39,0,arjun,India,Gujarat,Male,2003-10-06,2024-04-09 00:00:00,Y,43.0,2.0
1770-BHASG,2020-08-28,Refferal,2021-08-28,Standard,Annual,2021-06-21,Forgot to cancel trial,14.84,916,98,1,kavya,India,Punjab,Female,1988-09-14,,,,
1771-KDLBZ,2019-08-18,Organic,2019-09-17,Standard,Monthly,,,15.75,1197,6,0,dev,India,West Bengal,Male,1998-02-16,,,,
1772-DOPIC,2022-07-18,Paid,2023-07-18,Standard,Annual,,,18.74,995,65,0,suresh,India,Delhi,Male,1999-10-22,,,,
1773-KEUVQ,2019-04-29,Organic,2020-04-28,Standard,Annual,,,18.81,602,19,0,shaurya,India,Nagaland,Male,1991-03-13,,,,
1774-HPHTQ,2021-11-07,Organic,2021-12-07,Basic,Monthly,2022-04-13,Poor streaming quality,12.17,473,93,1,kabir,India,Delhi,Male,1994-10-19,2022-04-08 00:00:00,Y,27.0,3.0
1775-XOIIT,2022-02-21,Refferal,2023-02-21,Premium,Annual,2022-11-07,Poor streaming quality,20.28,2739,82,1,meena,India,Meghalaya,Female,1993-11-27,,,,
1776-MFNIH,2021-05-17,Organic,2022-05-17,Standard,Annual,,,16.2,968,47,0,karan,India,Nagaland,Male,2003-05-10,,,,
1777-TRCDE,2020-03-07,Organic,2021-03-07,Standard,Annual,,,18.31,1008,57,0,ahana,India,Gujarat,Female,1970-08-30,2020-08-06 00:00:00,Y,80.0,2.0
1778-VLUUT,2021-09-04,Paid,2021-10-04,Standard,Monthly,,,14.16,961,32,0,nisha,India,Tamil Nadu,Female,2003-05-22,,,,
1779-BZZTS,2022-11-18,Refferal,2023-11-18,Standard,Annual,,,18.05,635,43,0,sunita,Nepal,Pokhara,Female,1992-09-16,2023-02-22 00:00:00,N,61.0,2.0
1780-KVTKG,2020-11-14,Organic,2021-11-14,Basic,Annual,,,11.67,501,33,0,khushi,Nepal,Kathmandu,Female,1996-10-14,,,,
1781-MNSUM,2022-02-11,Refferal,2023-02-11,Basic,Annual,,,11.4,480,55,0,shalini,India,Madhya Pradesh,Female,1967-09-14,,,,
1782-GYVOU,2024-05-25,Paid,2024-06-24,Premium,Monthly,,,25.76,2187,28,0,ramesh,India,Tamil Nadu,Male,1976-11-07,,,,
1783-LFMUR,2022-03-01,Organic,2022-03-31,Standard,Monthly,,,14.96,1196,24,0,sara,India,Nagaland,Female,1983-11-05,2022-07-04 00:00:00,N,61.0,3.0
1784-BQDBR,2020-09-22,Refferal,2020-10-22,Basic,Monthly,,,8.24,544,17,0,manish,India,Telangana,Male,1998-11-01,2021-03-05 00:00:00,Y,75.0,2.0
1785-CJPJP,2021-05-11,Paid,2021-06-10,Basic,Monthly,,,7.4,204,38,0,ayan,India,Rajasthan,Male,1990-09-04,,,,
1786-PCLJJ,2021-01-22,Refferal,2022-01-22,Standard,Annual,,,17.39,1161,12,0,harsh,India,Telangana,Male,2002-01-26,2021-04-28 00:00:00,N,83.0,2.0
1787-XNHGS,2019-01-20,Refferal,2019-02-19,Standard,Monthly,,,16.36,639,8,0,dhruv,India,West Bengal,Male,1967-05-30,,,,
1788-OVKJY,2020-07-23,Refferal,2021-07-23,Premium,Annual,,,32.37,2615,28,0,sneha,India,Haryana,Female,1984-11-23,,,,
1789-STMXT,2021-06-25,Organic,2022-06-25,Standard,Annual,,,15.28,1051,42,0,isha,India,Rajasthan,Female,2003-05-10,2021-11-29 00:00:00,N,79.0,2.0
1790-IVHTM,2019-06-08,Refferal,2019-07-08,Standard,Monthly,2019-11-13,Too expensive,18.02,1080,89,1,yash,India,Meghalaya,Male,1965-10-27,2019-07-29 00:00:00,N,38.0,1.0
1791-YHKUI,2019-03-04,Organic,2020-03-03,Premium,Annual,,,24.82,1661,8,0,sanjay,India,Telangana,Male,2005-06-28,,,,
1792-MSSSZ,2021-01-06,Paid,2021-02-05,Standard,Monthly,2021-09-05,Too expensive,18.98,506,73,1,khushi,India,Delhi,Female,2005-08-09,2021-05-14 00:00:00,N,12.0,3.0
1793-XESXA,2021-05-23,Paid,2021-06-22,Basic,Monthly,,,12.48,310,65,0,amit,India,Odisha,Male,1982-02-07,,,,
1794-GOBHM,2020-11-25,Organic,2020-12-25,Standard,Monthly,,,17.72,571,39,0,anand,India,Maharashtra,Male,2000-04-07,,,,
1795-PXZVK,2023-11-02,Paid,2024-11-01,Standard,Annual,2024-03-27,Forgot to cancel trial,17.02,927,80,1,deepak,India,Telangana,Male,2000-11-01,2024-01-27 00:00:00,N,10.0,1.0
1796-EIWTK,2021-10-04,Paid,2022-10-04,Basic,Annual,,,11.42,231,34,0,shalini,India,Nagaland,Female,2000-01-03,2021-12-24 00:00:00,N,92.0,1.0
1797-JJOYO,2023-02-20,Refferal,2024-02-20,Standard,Annual,,,18.43,768,21,0,sneha,India,Karnataka,Female,1989-12-21,2023-05-07 00:00:00,N,79.0,2.0
1798-NBJBI,2021-04-21,Refferal,2022-04-21,Premium,Annual,2021-12-02,Forgot to cancel trial,35.15,1800,72,1,advaith,India,Odisha,Male,1994-07-07,2021-04-27 00:00:00,N,34.0,1.0
1799-CQBNX,2022-05-05,Refferal,2023-05-05,Standard,Annual,,,16.05,607,23,0,rahul,India,Madhya Pradesh,Male,1971-12-01,2022-08-28 00:00:00,Y,84.0,2.0
1800-JYSNA,2021-01-12,Paid,2022-01-12,Basic,Annual,,,10.17,369,33,0,shweta,India,Rajasthan,Female,1987-09-28,,,,
1801-LMRPE,2020-06-14,Organic,2020-07-14,Premium,Monthly,2021-01-01,Forgot to cancel trial,29.46,1942,75,1,anand,India,Tamil Nadu,Male,1991-04-19,2020-10-31 00:00:00,N,16.0,2.0
1802-RBPVV,2020-12-01,Paid,2020-12-31,Basic,Monthly,2021-09-18,Switched to competitor,10.18,362,70,1,meena,India,Maharashtra,Female,1969-01-24,2021-05-23 00:00:00,Y,14.0,2.0
1803-SLFJI,2023-03-23,Organic,2024-03-22,Premium,Annual,,,26.6,2031,64,0,ritu,India,Nagaland,Female,1982-07-24,2023-10-05 00:00:00,Y,94.0,2.0
1804-NEDBD,2022-06-08,Paid,2023-06-08,Basic,Annual,,,11.92,482,34,0,khushi,India,Maharashtra,Female,1982-05-16,,,,
1805-VNFXX,2021-11-21,Paid,2021-12-21,Premium,Monthly,,,32.07,1673,51,0,vihaan,India,Haryana,Male,1982-06-22,2022-05-11 00:00:00,N,40.0,2.0
1806-PWQXJ,2019-04-15,Refferal,2020-04-14,Premium,Annual,,,28.86,1738,11,0,deepak,India,Maharashtra,Male,1977-10-08,,,,
1807-NAWLJ,2023-06-17,Organic,2023-07-17,Premium,Monthly,,,28.72,2205,33,0,aarav,India,Karnataka,Male,1979-05-21,2023-10-30 00:00:00,N,74.0,3.0
1808-ULIFA,2019-08-28,Organic,2020-08-27,Basic,Annual,2020-06-21,Forgot to cancel trial,8.51,191,84,1,alok,India,West Bengal,Male,2002-10-12,,,,
1809-UAJFW,2023-08-10,Paid,2023-09-09,Basic,Monthly,,,7.12,515,3,0,manish,India,Delhi,Male,1988-01-04,,,,
1810-QBHZB,2019-11-12,Paid,2020-11-11,Premium,Annual,,,29.99,1983,60,0,aditi,India,Telangana,Female,1974-09-14,,,,
1811-GFMPB,2021-01-21,Paid,2021-02-20,Standard,Monthly,2021-04-09,Too expensive,18.05,949,79,1,abhishek,India,Telangana,Male,1992-01-15,,,,
1812-HCQNV,2020-03-01,Paid,2021-03-01,Premium,Annual,,,31.08,1827,64,0,rahul,India,Tamil Nadu,Male,2004-01-05,2020-09-16 00:00:00,Y,42.0,3.0
1813-JGQZN,2019-09-21,Organic,2019-10-21,Standard,Monthly,2020-06-27,Forgot to cancel trial,14.77,715,77,1,aarti,India,Uttar Pradesh,Female,1995-03-24,2020-02-18 00:00:00,N,19.0,3.0
1814-GVXYL,2023-02-20,Organic,2024-02-20,Standard,Annual,,,16.37,1018,63,0,swati,India,Madhya Pradesh,Female,1994-04-06,,,,
1815-KAFZF,2022-03-01,Paid,2022-03-31,Basic,Monthly,,,10.64,447,21,0,anand,India,Meghalaya,Male,1974-01-11,,,,
1816-BRJNX,2023-09-16,Organic,2024-09-15,Standard,Annual,,,16.63,678,44,0,reyansh,India,Odisha,Male,1994-08-14,2024-02-07 00:00:00,N,64.0,2.0
1817-WNXBX,2021-02-11,Paid,2021-03-13,Standard,Monthly,,,16.72,576,41,0,aditi,India,Rajasthan,Female,1981-07-29,2021-07-20 00:00:00,N,53.0,3.0
1818-GSQXI,2024-01-12,Refferal,2024-02-11,Basic,Monthly,,,8.52,557,27,0,kavya,India,Bihar,Female,1989-09-19,,,,
1819-LTDBC,2023-03-12,Refferal,2024-03-11,Standard,Annual,,,14.27,1155,39,0,yash,Nepal,Lalitpur,Male,1966-04-30,,,,
1820-RFAMO,2020-05-08,Paid,2020-06-07,Basic,Monthly,,,9.5,598,36,0,suresh,India,West Bengal,Male,1996-09-02,,,,
1821-HXIYM,2020-08-04,Organic,2020-09-03,Standard,Monthly,,,17.33,897,20,0,kavir,India,Bihar,Male,1973-12-26,,,,
1822-PZGFC,2021-09-05,Paid,2022-09-05,Basic,Annual,,,7.18,308,61,0,suresh,India,Karnataka,Male,1980-10-13,,,,
1823-NSKXT,2022-06-12,Refferal,2023-06-12,Premium,Annual,,,30.59,1902,23,0,divya,India,Haryana,Female,1982-04-29,,,,
1824-RHGOK,2021-08-25,Refferal,2022-08-25,Basic,Annual,2022-01-20,Switched to competitor,9.59,162,94,1,anvi,India,Karnataka,Female,1985-10-12,2021-12-20 00:00:00,N,24.0,1.0
1825-KNFGD,2022-08-17,Paid,2023-08-17,Premium,Annual,,,28.01,2353,30,0,alok,India,Odisha,Male,1982-07-05,,,,
1826-BJJGO,2019-11-26,Paid,2019-12-26,Standard,Monthly,2019-12-27,Switched to competitor,15.15,874,82,1,prisha,India,Delhi,Female,1996-09-02,2020-04-28 00:00:00,N,14.0,2.0
1827-PAXCB,2024-03-30,Refferal,2024-04-29,Basic,Monthly,,,7.32,392,58,0,rahul,India,West Bengal,Male,1978-11-10,2024-10-07 00:00:00,Y,88.0,2.0
1828-UAQES,2020-02-09,Organic,2021-02-08,Basic,Annual,,,7.94,360,26,0,sonal,India,Bihar,Female,1995-10-18,,,,
1829-XOCTB,2019-01-02,Refferal,2019-02-01,Standard,Monthly,,,14.16,522,14,0,navya,India,Madhya Pradesh,Female,1969-03-08,2019-04-24 00:00:00,N,56.0,2.0
1830-TKDLR,2022-10-08,Paid,2022-11-07,Basic,Monthly,2023-04-21,Too expensive,12.97,157,81,1,anika,India,Telangana,Female,1977-10-05,,,,
1831-YNMJQ,2022-10-10,Paid,2023-10-10,Basic,Annual,,,12.76,421,56,0,pooja,India,Rajasthan,Female,1967-08-31,,,,
1832-TBWKY,2019-10-02,Refferal,2020-10-01,Standard,Annual,,,17.51,801,21,0,vivaan,India,Uttar Pradesh,Male,1993-02-18,2020-04-01 00:00:00,N,58.0,3.0
1833-HWMLG,2023-06-05,Refferal,2023-07-05,Premium,Monthly,,,32.37,1220,43,0,khushi,India,Madhya Pradesh,Female,1971-09-30,,,,
1834-RBAOO,2021-02-15,Refferal,2022-02-15,Basic,Annual,2021-11-16,Not enough content,7.72,407,81,1,anvi,India,Rajasthan,Female,1990-12-21,2021-04-07 00:00:00,Y,14.0,1.0
1835-IJOOJ,2022-08-25,Organic,2022-09-24,Standard,Monthly,,,15.01,771,48,0,aalia,India,Kerala,Female,2005-01-09,,,,
1836-RNAWF,2022-01-10,Refferal,2023-01-10,Standard,Annual,2022-03-29,Too expensive,17.09,983,92,1,sanjay,India,Tamil Nadu,Male,1975-09-16,2022-02-02 00:00:00,Y,29.0,1.0
1837-CRCGT,2023-10-19,Organic,2024-10-18,Basic,Annual,,,10.72,480,43,0,ramesh,India,Bihar,Male,1967-04-30,,,,
1838-DREKY,2022-05-26,Refferal,2022-06-25,Standard,Monthly,,,17.68,541,42,0,krishna,India,Bihar,Male,1971-11-11,,,,
1839-TQLYM,2023-09-08,Organic,2024-09-07,Premium,Annual,,,32.88,1815,20,0,ahana,India,Telangana,Female,1992-10-29,2024-02-10 00:00:00,N,54.0,3.0
1840-TAKXC,2022-01-17,Refferal,2023-01-17,Basic,Annual,,,9.16,319,15,0,ahana,India,Tamil Nadu,Female,1985-01-08,,,,
1841-BQOUB,2023-12-07,Organic,2024-12-06,Premium,Annual,,,21.51,1938,12,0,harsh,India,Madhya Pradesh,Male,1979-10-13,2023-12-17 00:00:00,N,50.0,1.0
1842-NHPOX,2020-04-10,Refferal,2020-05-10,Premium,Monthly,,,32.56,2457,24,0,anika,India,Kerala,Female,1970-05-31,,,,
1843-XVJPE,2024-05-10,Paid,2025-05-10,Premium,Annual,2025-02-12,Forgot to cancel trial,33.47,1583,99,1,tanvi,India,Rajasthan,Female,1996-10-19,2024-11-22 00:00:00,N,20.0,1.0
1844-TFMWA,2020-09-05,Paid,2021-09-05,Basic,Annual,,,10.55,439,20,0,divya,India,Nagaland,Female,1978-12-05,2021-02-04 00:00:00,N,88.0,3.0
1845-TLRVL,2019-05-01,Paid,2019-05-31,Premium,Monthly,,,22.49,1442,63,0,yash,India,Odisha,Male,1979-11-13,2019-09-19 00:00:00,N,48.0,3.0
1846-LXQUS,2020-04-25,Paid,2020-05-25,Basic,Monthly,,,7.0,244,26,0,aadhya,Nepal,Lalitpur,Female,1979-12-08,2020-10-24 00:00:00,N,63.0,2.0
1847-JLFDQ,2020-10-26,Refferal,2020-11-25,Premium,Monthly,,,22.42,2453,60,0,neha,India,Karnataka,Female,1980-02-22,,,,
1848-TEIMA,2024-01-12,Paid,2024-02-11,Basic,Monthly,,,8.92,547,21,0,diya,India,West Bengal,Female,1974-11-19,2024-02-24 00:00:00,N,43.0,3.0
1849-CWMWB,2019-04-29,Paid,2019-05-29,Standard,Monthly,,,14.58,971,39,0,myra,India,Karnataka,Female,1974-11-18,,,,
1850-RLLFP,2020-07-09,Refferal,2021-07-09,Basic,Annual,,,12.17,226,62,0,aarti,India,Punjab,Female,1995-03-13,,,,
1851-ARMNS,2021-07-21,Paid,2022-07-21,Premium,Annual,,,31.84,2082,31,0,tanvi,India,Odisha,Female,1971-11-14,,,,
1852-XESAU,2023-07-26,Paid,2024-07-25,Basic,Annual,,,7.68,249,54,0,vikas,India,Delhi,Male,2005-05-06,,,,
1853-KWSCV,2019-11-23,Refferal,2019-12-23,Standard,Monthly,,,17.75,915,41,0,divya,India,Odisha,Female,1967-12-20,,,,
1854-VVDGC,2020-03-19,Refferal,2020-04-18,Standard,Monthly,,,18.52,918,33,0,anika,India,Rajasthan,Female,1994-10-13,,,,
1855-CFWVB,2023-07-04,Organic,2023-08-03,Standard,Monthly,2023-12-22,Not enough content,18.5,1108,83,1,rajesh,India,Uttar Pradesh,Male,1982-02-06,2023-12-30 00:00:00,N,14.0,2.0
1856-XMOCW,2021-12-31,Refferal,2022-01-30,Basic,Monthly,,,10.73,582,64,0,ganesh,Nepal,Kathmandu,Male,1984-06-20,,,,
1857-QVNXV,2019-07-16,Organic,2020-07-15,Standard,Annual,,,17.41,1123,65,0,angel,India,Haryana,Female,2004-01-28,2020-01-26 00:00:00,N,62.0,2.0
1858-DZAQM,2019-06-21,Paid,2019-07-21,Premium,Monthly,,,32.57,1389,40,0,shweta,India,Maharashtra,Female,1966-07-03,,,,
1859-LURPQ,2023-11-05,Refferal,2023-12-05,Basic,Monthly,,,12.96,188,5,0,aarti,India,Nagaland,Female,1992-05-13,2024-02-21 00:00:00,Y,56.0,1.0
1860-ZLTSM,2022-06-17,Refferal,2023-06-17,Premium,Annual,,,25.92,1769,53,0,tanvi,India,Rajasthan,Female,1983-12-17,2022-11-02 00:00:00,N,47.0,1.0
1861-IWMPU,2020-05-23,Organic,2020-06-22,Standard,Monthly,,,15.8,1016,42,0,diya,India,Kerala,Female,1981-07-12,,,,
1862-DIEIR,2022-03-11,Paid,2023-03-11,Premium,Annual,2022-12-02,Too expensive,34.16,2095,70,1,ishaan,India,Gujarat,Male,1996-05-04,2022-07-01 00:00:00,N,30.0,1.0
1863-SBXUE,2023-02-13,Paid,2024-02-13,Premium,Annual,,,22.87,2700,4,0,pari,India,Rajasthan,Female,1988-04-19,,,,
1864-WEQWY,2023-08-20,Refferal,2023-09-19,Standard,Monthly,,,14.71,707,45,0,siddharth,India,Karnataka,Male,1981-06-22,2023-12-20 00:00:00,N,41.0,2.0
1865-QLAUV,2023-03-31,Paid,2024-03-30,Basic,Annual,2024-01-15,Poor streaming quality,11.41,195,84,1,aarush,India,Bihar,Male,1986-05-22,2023-09-28 00:00:00,N,31.0,1.0
1866-NOPTB,2021-03-10,Paid,2022-03-10,Premium,Annual,,,31.95,2755,53,0,parth,India,Uttar Pradesh,Male,1994-07-24,,,,
1867-HHCQY,2023-08-30,Paid,2024-08-29,Basic,Annual,,,10.52,501,10,0,shaurya,India,Telangana,Male,2000-03-18,2023-12-27 00:00:00,Y,83.0,1.0
1868-BSOUF,2020-02-13,Refferal,2020-03-14,Premium,Monthly,,,22.24,2392,49,0,priya,India,Punjab,Female,1994-07-09,,,,
1869-HENSU,2022-05-10,Paid,2023-05-10,Basic,Annual,,,8.89,167,27,0,vihaan,India,Telangana,Male,1993-06-10,,,,
1870-BFENP,2024-03-31,Paid,2024-04-30,Premium,Monthly,,,21.09,1207,21,0,abhishek,Nepal,Lalitpur,Male,2004-11-26,,,,
1871-EYSAU,2020-06-18,Paid,2020-07-18,Standard,Monthly,,,14.66,615,14,0,shalini,India,West Bengal,Female,1990-01-18,,,,
1872-USZWF,2019-04-23,Paid,2019-05-23,Premium,Monthly,,,34.26,1295,65,0,arjun,India,Delhi,Male,1995-09-06,,,,
1873-ZIUNU,2023-10-04,Refferal,2024-10-03,Standard,Annual,2024-02-12,Switched to competitor,16.3,1112,92,1,ayan,India,Karnataka,Male,1967-12-13,2024-01-16 00:00:00,Y,13.0,2.0
1874-RCBNL,2021-12-13,Refferal,2022-01-12,Basic,Monthly,,,10.19,462,4,0,dhruv,India,Uttar Pradesh,Male,2003-12-20,,,,
1875-AGJDL,2019-07-18,Organic,2019-08-17,Basic,Monthly,,,9.75,487,51,0,angel,India,Nagaland,Female,1965-06-08,2019-11-01 00:00:00,N,50.0,1.0
1876-FQBRY,2019-06-03,Paid,2020-06-02,Premium,Annual,,,26.19,1683,5,0,vivaan,India,Delhi,Male,2002-05-07,,,,
1877-MXEQH,2024-01-10,Organic,2025-01-09,Basic,Annual,,,8.44,255,10,0,dev,India,Maharashtra,Male,1984-06-19,,,,
1878-SKIBI,2022-09-25,Organic,2023-09-25,Basic,Annual,2023-04-30,Poor streaming quality,8.23,486,88,1,anita,India,Madhya Pradesh,Female,1975-12-16,2023-02-22 00:00:00,N,36.0,3.0
1879-IGBUF,2023-11-25,Refferal,2023-12-25,Premium,Monthly,2024-06-20,Poor streaming quality,20.18,1811,74,1,shweta,India,Uttar Pradesh,Female,1992-02-21,2024-03-19 00:00:00,N,17.0,2.0
1880-PTXJV,2021-10-25,Organic,2021-11-24,Basic,Monthly,2022-01-01,Forgot to cancel trial,8.27,151,81,1,anita,India,Tamil Nadu,Female,1993-11-02,,,,
1881-ATVCM,2023-03-02,Refferal,2023-04-01,Standard,Monthly,,,18.06,972,25,0,pari,India,West Bengal,Female,1970-05-20,,,,
1882-HCKED,2023-08-31,Refferal,2024-08-30,Basic,Annual,,,7.05,151,65,0,prisha,India,Haryana,Female,1980-07-06,,,,
1883-ZCAFU,2020-08-19,Organic,2021-08-19,Basic,Annual,,,11.11,448,63,0,aalia,India,Punjab,Female,1998-09-27,2020-09-09 00:00:00,N,63.0,1.0
1884-JYYBQ,2021-05-19,Paid,2021-06-18,Standard,Monthly,,,17.43,1107,29,0,rahul,India,Kerala,Male,1978-09-07,,,,
1885-AUANE,2022-09-23,Paid,2023-09-23,Basic,Annual,,,7.9,251,31,0,anika,India,Nagaland,Female,1976-11-06,2022-11-11 00:00:00,N,61.0,2.0
1886-XFRET,2020-12-10,Paid,2021-01-09,Standard,Monthly,2021-04-30,Poor streaming quality,15.84,1195,82,1,aarti,India,Rajasthan,Female,1989-06-29,2021-06-26 00:00:00,N,35.0,3.0
1887-AXTYE,2023-05-20,Paid,2024-05-19,Standard,Annual,,,15.38,918,33,0,sneha,India,Nagaland,Female,1971-02-17,,,,
1888-MVJIB,2023-12-19,Paid,2024-01-18,Premium,Monthly,,,29.28,2159,59,0,sneha,India,Delhi,Female,1994-02-07,,,,
1889-WNDDI,2020-10-22,Refferal,2021-10-22,Basic,Annual,,,7.06,245,46,0,diya,India,Odisha,Female,1995-05-02,,,,
1890-OKVDT,2020-01-16,Refferal,2020-02-15,Premium,Monthly,2020-10-07,Too expensive,32.33,1893,83,1,vikas,India,Odisha,Male,1966-08-02,,,,
1891-OVFXH,2022-11-26,Refferal,2022-12-26,Premium,Monthly,,,33.83,1235,57,0,rahul,India,Bihar,Male,2000-07-07,,,,
1892-CLPZH,2022-04-25,Organic,2023-04-25,Basic,Annual,,,10.05,558,16,0,sneha,India,Gujarat,Female,1966-02-06,,,,
1893-HDRQT,2022-07-03,Organic,2023-07-03,Basic,Annual,2022-11-06,Too expensive,11.41,266,85,1,aarti,India,West Bengal,Female,1991-11-22,,,,
1894-MBRQC,2019-08-12,Paid,2019-09-11,Premium,Monthly,,,23.73,2118,44,0,rudra,India,West Bengal,Male,1995-08-26,,,,
1895-DPNKS,2023-07-18,Refferal,2023-08-17,Premium,Monthly,,,21.64,1527,14,0,harsh,India,Haryana,Male,1966-07-02,,,,
1896-LGGRM,2020-01-30,Paid,2020-02-29,Basic,Monthly,,,9.06,495,10,0,arjun,India,Delhi,Male,1988-07-29,,,,
1897-TDDCZ,2021-08-02,Refferal,2022-08-02,Basic,Annual,2022-01-29,Not enough content,11.39,309,96,1,anita,India,Rajasthan,Female,1966-02-17,2022-01-20 00:00:00,Y,35.0,2.0
1898-NPKGQ,2022-01-28,Organic,2022-02-27,Basic,Monthly,,,8.78,491,35,0,aarav,India,Odisha,Male,2004-11-01,,,,
1899-XKXAN,2019-03-19,Refferal,2019-04-18,Standard,Monthly,,,15.41,911,14,0,abhishek,India,Gujarat,Male,2005-03-29,,,,
1900-ULMGJ,2022-03-01,Organic,2022-03-31,Premium,Monthly,,,21.36,1473,40,0,riya,India,Haryana,Female,2002-06-08,,,,
1901-NZHAF,2020-06-06,Refferal,2020-07-06,Premium,Monthly,,,27.63,2033,9,0,anay,India,Delhi,Male,1983-01-10,2020-12-14 00:00:00,N,48.0,1.0
1902-QVUCB,2020-05-25,Organic,2020-06-24,Basic,Monthly,2020-10-09,Too expensive,8.19,399,71,1,riya,India,Rajasthan,Female,1981-05-17,2020-10-30 00:00:00,N,40.0,3.0
1903-KRGNA,2021-12-23,Refferal,2022-01-22,Standard,Monthly,,,17.04,726,37,0,kavir,India,Haryana,Male,1986-07-26,2022-05-22 00:00:00,Y,88.0,3.0
1904-HOGIV,2023-05-09,Organic,2023-06-08,Standard,Monthly,,,14.83,807,29,0,aditi,India,Meghalaya,Female,1975-11-25,2023-09-18 00:00:00,N,44.0,3.0
1905-KACSC,2023-12-22,Organic,2024-01-21,Premium,Monthly,,,23.21,1783,22,0,anand,India,Maharashtra,Male,1976-06-15,,,,
1906-KFLQO,2019-02-21,Refferal,2020-02-21,Basic,Annual,,,10.66,482,43,0,deepak,India,Meghalaya,Male,2000-10-14,2019-06-10 00:00:00,N,95.0,1.0
1907-LUHSP,2020-05-14,Refferal,2020-06-13,Standard,Monthly,,,17.7,880,8,0,aalia,Nepal,Pokhara,Female,1983-02-26,,,,
1908-NJILS,2019-05-31,Refferal,2019-06-30,Standard,Monthly,,,15.45,1054,60,0,tanvi,India,Gujarat,Female,1980-03-20,2019-09-12 00:00:00,N,43.0,3.0
1909-DMNQU,2020-03-02,Organic,2021-03-02,Basic,Annual,,,8.33,555,55,0,vikram,India,Maharashtra,Male,1975-07-04,,,,
1910-AFGQL,2019-02-01,Refferal,2020-02-01,Basic,Annual,,,10.68,453,65,0,rajesh,India,West Bengal,Male,1979-04-24,2019-08-10 00:00:00,N,53.0,2.0
1911-ARUPE,2020-10-16,Paid,2021-10-16,Premium,Annual,2021-07-11,Switched to competitor,26.04,2337,70,1,arjun,India,Punjab,Male,1981-10-03,2021-01-09 00:00:00,N,43.0,2.0
1912-UTYVK,2023-07-06,Refferal,2023-08-05,Standard,Monthly,,,15.45,883,32,0,yash,India,Delhi,Male,1984-10-05,,,,
1913-CCFTX,2020-06-22,Paid,2020-07-22,Standard,Monthly,,,16.77,774,14,0,ritu,Nepal,Pokhara,Female,1985-07-21,,,,
1914-JGNEQ,2023-10-17,Refferal,2023-11-16,Premium,Monthly,2024-03-28,Switched to competitor,27.45,2338,73,1,aditi,India,Karnataka,Female,1989-07-11,2024-01-08 00:00:00,N,26.0,1.0
1915-CUKXW,2020-03-02,Organic,2021-03-02,Standard,Annual,,,15.07,571,8,0,ritu,India,Rajasthan,Female,1972-02-05,,,,
1916-HWIVP,2021-09-20,Organic,2021-10-20,Basic,Monthly,,,9.28,257,25,0,aditya,India,West Bengal,Male,1982-12-29,,,,
1917-NFSQJ,2021-09-23,Refferal,2022-09-23,Premium,Annual,2022-02-23,Forgot to cancel trial,30.49,2722,74,1,aarush,India,Punjab,Male,1986-10-15,2022-02-25 00:00:00,N,30.0,1.0
1918-UPDDV,2023-12-15,Refferal,2024-12-14,Standard,Annual,2024-08-14,Poor streaming quality,15.01,1041,96,1,priya,India,Maharashtra,Female,1972-04-28,,,,
1919-GKMTN,2020-04-20,Refferal,2020-05-20,Standard,Monthly,,,14.6,745,5,0,isha,India,Odisha,Female,1999-05-13,,,,
1920-XHBHH,2020-07-12,Paid,2020-08-11,Standard,Monthly,2020-12-03,Poor streaming quality,16.79,565,80,1,khushi,India,Karnataka,Female,1985-04-23,2020-09-25 00:00:00,N,39.0,2.0
1921-YJALE,2022-10-16,Organic,2023-10-16,Premium,Annual,,,27.91,2673,4,0,advaith,India,Odisha,Male,1991-11-04,2023-04-06 00:00:00,N,53.0,3.0
1922-UVVCZ,2023-02-13,Refferal,2024-02-13,Basic,Annual,,,9.41,269,51,0,navya,India,Rajasthan,Female,1983-03-25,,,,
1923-FNGYD,2020-06-01,Paid,2021-06-01,Standard,Annual,,,18.04,783,31,0,sara,India,Odisha,Female,1983-11-26,2020-08-10 00:00:00,N,81.0,2.0
1924-HDQJB,2024-02-23,Refferal,2024-03-24,Premium,Monthly,,,90.11,1533,25,0,arjun,India,Odisha,Male,1992-08-15,2024-06-09 00:00:00,N,79.0,2.0
1925-PACEF,2024-01-02,Organic,2025-01-01,Premium,Annual,,,27.29,1746,12,0,rudra,India,Tamil Nadu,Male,1965-08-27,,,,
1926-NZCVM,2022-06-14,Paid,2022-07-14,Basic,Monthly,,,7.55,287,23,0,kavir,India,West Bengal,Male,1984-07-21,,,,
1927-ZCWSY,2021-12-30,Paid,2022-01-29,Premium,Monthly,,,30.4,2197,45,0,anika,India,Tamil Nadu,Female,1967-12-07,2022-06-15 00:00:00,N,63.0,2.0
1928-HTDRB,2019-06-05,Refferal,2019-07-05,Premium,Monthly,,,35.76,1434,46,0,aarti,India,Rajasthan,Female,1984-07-16,2019-08-03 00:00:00,N,92.0,2.0
1929-DZRKT,2020-05-23,Refferal,2021-05-23,Premium,Annual,2020-10-16,Switched to competitor,27.26,1349,94,1,sunil,India,Odisha,Male,1968-10-19,2020-10-03 00:00:00,N,30.0,1.0
1930-JWXDG,2019-05-02,Paid,2019-06-01,Premium,Monthly,,,30.03,1396,53,0,pooja,India,Haryana,Female,1996-12-16,,,,
1931-ULQEG,2023-05-22,Paid,2024-05-21,Basic,Annual,,,10.27,502,46,0,advaith,India,Gujarat,Male,1981-12-25,2023-09-24 00:00:00,N,55.0,3.0
1932-WIEAA,2024-01-05,Paid,2025-01-04,Premium,Annual,,,25.87,2684,55,0,riya,India,Rajasthan,Female,2004-06-21,2024-07-05 00:00:00,Y,91.0,3.0
1933-PPUFA,2022-01-25,Paid,2022-02-24,Premium,Monthly,,,92.7,1896,49,0,angel,Nepal,Lalitpur,Female,1987-10-23,,,,
1934-NPNAW,2023-09-02,Paid,2024-09-01,Standard,Annual,,,18.34,661,46,0,sunita,India,Odisha,Female,1978-02-12,,,,
1935-QAFEC,2022-02-04,Organic,2022-03-06,Basic,Monthly,,,9.9,489,5,0,sneha,India,West Bengal,Female,1967-05-26,2022-07-07 00:00:00,Y,65.0,3.0
1936-PBHUV,2019-06-15,Refferal,2019-07-15,Basic,Monthly,,,7.4,179,51,0,aadhya,India,Uttar Pradesh,Female,1993-07-04,,,,
1937-XPZBK,2021-03-14,Paid,2022-03-14,Standard,Annual,,,16.41,529,39,0,sara,India,Delhi,Female,1993-08-25,2021-07-10 00:00:00,N,63.0,1.0
1938-ZSOCR,2020-03-29,Organic,2020-04-28,Standard,Monthly,,,14.78,1082,6,0,aarav,India,Delhi,Male,1998-01-14,,,,
1939-MBTWS,2019-10-31,Refferal,2019-11-30,Basic,Monthly,2020-04-16,Poor streaming quality,9.38,221,97,1,riya,India,Punjab,Female,1966-02-01,2020-03-05 00:00:00,Y,34.0,2.0
1940-MLNQB,2019-02-22,Refferal,2020-02-22,Standard,Annual,,,17.09,1045,49,0,alok,India,Karnataka,Male,1985-08-06,2019-06-23 00:00:00,Y,62.0,1.0
1941-HQRTO,2023-07-08,Refferal,2023-08-07,Standard,Monthly,,,17.13,827,51,0,swati,India,Bihar,Female,1991-08-01,,,,
1942-HMPCZ,2022-01-06,Organic,2023-01-06,Standard,Annual,,,18.19,698,16,0,deepak,India,Punjab,Male,1979-02-09,2022-05-30 00:00:00,Y,90.0,3.0
1943-JVULH,2023-10-15,Organic,2023-11-14,Basic,Monthly,,,8.14,564,13,0,rahul,India,Meghalaya,Male,1980-04-27,2024-01-27 00:00:00,N,83.0,1.0
1944-WOXUT,2021-11-21,Refferal,2022-11-21,Premium,Annual,,,21.26,1952,22,0,sonal,India,Maharashtra,Female,1989-01-04,2021-12-11 00:00:00,N,60.0,1.0
1945-XDCLS,2021-05-01,Paid,2021-05-31,Standard,Monthly,2022-01-18,Too expensive,14.63,841,83,1,aarav,India,Nagaland,Male,2003-03-06,2021-05-09 00:00:00,N,10.0,1.0
1946-NNLKT,2023-09-17,Paid,2024-09-16,Premium,Annual,,,29.1,2155,14,0,diya,India,Uttar Pradesh,Female,1980-09-12,2024-02-18 00:00:00,N,80.0,2.0
1947-SVFVJ,2023-02-23,Organic,2023-03-25,Standard,Monthly,,,17.37,517,25,0,anita,India,Rajasthan,Female,1994-12-20,,,,
1948-ZRUVJ,2019-10-16,Organic,2019-11-15,Premium,Monthly,,,24.9,1509,40,0,ganesh,India,Punjab,Male,1997-09-04,,,,
1949-SJZPS,2019-09-15,Refferal,2019-10-15,Standard,Monthly,2020-04-26,Poor streaming quality,14.92,1021,93,1,advaith,India,Odisha,Male,1999-09-14,2019-09-26 00:00:00,N,44.0,1.0
1950-JCNGF,2021-10-18,Paid,2021-11-17,Standard,Monthly,,,16.43,801,19,0,amit,India,Haryana,Male,1988-08-29,2022-02-25 00:00:00,N,55.0,2.0
1951-QHHPF,2023-01-12,Refferal,2023-02-11,Premium,Monthly,2023-02-16,Forgot to cancel trial,33.57,2576,92,1,preeti,India,Tamil Nadu,Female,1988-06-09,2023-05-31 00:00:00,N,34.0,2.0
1952-CYICR,2022-06-29,Paid,2023-06-29,Standard,Annual,,,18.59,978,48,0,meena,Nepal,Kathmandu,Female,1976-12-06,2022-09-19 00:00:00,N,79.0,1.0
1953-NITKE,2022-07-12,Refferal,2023-07-12,Standard,Annual,2023-01-10,Switched to competitor,15.29,965,90,1,sunita,India,Nagaland,Female,1976-02-08,2022-11-18 00:00:00,N,29.0,2.0
1954-LHFRD,2022-01-12,Organic,2022-02-11,Standard,Monthly,,,15.8,793,54,0,kiran,India,Uttar Pradesh,Female,1973-10-25,,,,
1955-NKAEJ,2020-09-29,Paid,2020-10-29,Standard,Monthly,,,14.48,1160,44,0,dhruv,India,Haryana,Male,1996-05-29,2021-03-14 00:00:00,Y,76.0,3.0
1956-VGUNH,2021-09-30,Refferal,2021-10-30,Standard,Monthly,,,15.92,1013,15,0,abhishek,India,Bihar,Male,1986-04-20,,,,
1957-PVCLH,2022-05-03,Refferal,2022-06-02,Basic,Monthly,,,10.39,172,19,0,aadhya,India,Maharashtra,Female,1994-06-22,,,,
1958-PTITA,2022-08-03,Paid,2023-08-03,Basic,Annual,2023-03-03,Not enough content,10.14,236,98,1,ramesh,India,West Bengal,Male,1970-09-08,,,,
1959-BAAPA,2019-01-01,Organic,2020-01-01,Basic,Annual,,,9.73,228,28,0,manish,India,Odisha,Male,1965-08-10,,,,
1960-TQURQ,2022-01-15,Organic,2023-01-15,Premium,Annual,,,31.8,1619,40,0,advik,India,Delhi,Male,1967-10-04,,,,
1961-YKCGJ,2021-07-19,Refferal,2021-08-18,Premium,Monthly,,,30.6,2622,57,0,sanjay,Nepal,Kathmandu,Male,1984-12-23,,,,
1962-EOFNW,2021-09-25,Refferal,2022-09-25,Premium,Annual,,,25.17,1308,52,0,aditi,India,Punjab,Female,1973-12-25,,,,
1963-FGJNJ,2023-07-30,Refferal,2023-08-29,Standard,Monthly,2024-05-24,Poor streaming quality,14.4,1114,80,1,rajesh,India,Gujarat,Male,1982-12-11,2024-02-04 00:00:00,N,13.0,3.0
1964-QEPXP,2022-02-25,Refferal,2022-03-27,Standard,Monthly,,,17.12,1025,53,0,anay,India,Gujarat,Male,1989-04-15,,,,
1965-NMPBB,2023-09-17,Organic,2024-09-16,Premium,Annual,,,80.84,2506,25,0,amit,India,Odisha,Male,1982-11-06,,,,
1966-AOMWZ,2019-09-21,Paid,2020-09-20,Premium,Annual,,,32.14,2063,47,0,divya,India,Meghalaya,Female,1994-07-02,,,,
1967-GVSAI,2020-08-23,Refferal,2021-08-23,Standard,Annual,2021-03-02,Switched to competitor,17.38,504,99,1,krishna,India,Punjab,Male,2003-06-15,2021-02-20 00:00:00,N,20.0,3.0
1968-NMLGX,2022-05-20,Organic,2022-06-19,Premium,Monthly,2023-01-25,Not enough content,20.9,2055,90,1,abhishek,India,West Bengal,Male,1984-09-18,,,,
1969-NVXDR,2020-03-15,Paid,2020-04-14,Premium,Monthly,,,33.57,2120,25,0,advik,India,Madhya Pradesh,Male,2004-04-12,2020-08-05 00:00:00,N,86.0,2.0
1970-TGZME,2019-04-16,Organic,2019-05-16,Standard,Monthly,,,15.75,914,24,0,neha,India,Odisha,Female,1986-03-21,,,,
1971-GLNDG,2021-01-31,Organic,2022-01-31,Premium,Annual,,,31.91,1601,30,0,shruti,India,Tamil Nadu,Female,2001-09-15,,,,
1972-ICBCK,2022-09-03,Refferal,2023-09-03,Standard,Annual,2022-11-09,Too expensive,16.81,667,86,1,advik,India,Bihar,Male,2003-05-18,2023-03-11 00:00:00,Y,43.0,3.0
1973-SLYFB,2022-05-21,Organic,2023-05-21,Basic,Annual,,,12.96,264,39,0,richa,India,Maharashtra,Female,2003-11-07,,,,
1974-MZFQU,2021-03-11,Refferal,2021-04-10,Premium,Monthly,,,34.75,2140,64,0,preeti,India,Telangana,Female,1997-02-01,,,,
1975-NBHCQ,2022-08-04,Organic,2023-08-04,Basic,Annual,,,10.97,218,4,0,ahana,India,Bihar,Female,2002-07-23,,,,
1976-SMBXZ,2022-03-03,Organic,2022-04-02,Standard,Monthly,2022-07-19,Poor streaming quality,16.57,732,86,1,priya,India,Bihar,Female,1983-12-30,2022-09-01 00:00:00,N,32.0,3.0
1977-EJNZE,2020-01-02,Refferal,2021-01-01,Standard,Annual,2020-06-09,Forgot to cancel trial,17.85,840,95,1,pooja,India,Delhi,Female,1969-07-24,2020-02-28 00:00:00,Y,26.0,2.0
1978-DTBJU,2022-10-24,Paid,2022-11-23,Basic,Monthly,,,10.89,532,64,0,anita,India,Tamil Nadu,Female,1977-04-13,2023-04-16 00:00:00,N,42.0,3.0
1979-ICSWG,2022-10-01,Paid,2023-10-01,Basic,Annual,,,8.57,531,22,0,karan,India,Nagaland,Male,1986-04-20,,,,
1980-EBWDS,2020-06-09,Organic,2021-06-09,Premium,Annual,2020-08-02,Switched to competitor,34.91,1685,82,1,ranveer,India,Madhya Pradesh,Male,1971-11-25,,,,
1981-AJNPM,2021-05-07,Refferal,2021-06-06,Basic,Monthly,,,9.0,333,35,0,advik,India,Odisha,Male,1987-01-23,,,,
1982-ONDGF,2023-11-26,Paid,2024-11-25,Standard,Annual,,,17.55,713,56,0,neha,India,Punjab,Female,1991-01-05,2024-03-13 00:00:00,N,40.0,3.0
1983-ALIIR,2022-07-22,Refferal,2022-08-21,Premium,Monthly,,,26.35,2012,34,0,sneha,India,Odisha,Female,1991-09-14,,,,
1984-TSEEE,2019-08-04,Organic,2020-08-03,Premium,Annual,,,27.5,2713,27,0,saanvi,India,Punjab,Female,1975-09-23,,,,
1985-ICRUV,2023-07-29,Organic,2023-08-28,Basic,Monthly,,,10.31,497,65,0,vihaan,Nepal,Kathmandu,Male,1989-07-25,,,,
1986-HSDHI,2019-11-01,Organic,2019-12-01,Premium,Monthly,,,82.86,2116,41,0,ishaan,India,Meghalaya,Male,1972-08-30,2020-04-26 00:00:00,Y,82.0,3.0
1987-ITPZD,2021-11-29,Paid,2022-11-29,Premium,Annual,,,27.8,1314,37,0,aarti,India,Gujarat,Female,2005-02-11,,,,
1988-XPLPJ,2019-03-23,Refferal,2019-04-22,Standard,Monthly,,,15.22,743,11,0,navya,India,Maharashtra,Female,1989-10-03,,,,
1989-EDZKV,2020-08-19,Paid,2021-08-19,Premium,Annual,,,27.2,2313,14,0,amit,India,Telangana,Male,1984-04-05,,,,
1990-FNBLP,2023-01-16,Organic,2023-02-15,Premium,Monthly,2023-02-14,Poor streaming quality,35.01,2678,80,1,atharva,Nepal,Lalitpur,Male,2003-04-26,2023-07-24 00:00:00,N,27.0,3.0
1991-EZGJL,2024-01-28,Refferal,2025-01-27,Basic,Annual,,,8.67,230,42,0,manish,India,Uttar Pradesh,Male,1990-10-22,,,,
1992-FYHJF,2021-07-04,Refferal,2022-07-04,Premium,Annual,2021-08-04,Forgot to cancel trial,21.26,2448,77,1,sonal,India,Uttar Pradesh,Female,1974-04-19,2021-11-16 00:00:00,N,21.0,3.0
1993-AMOWB,2020-08-06,Paid,2021-08-06,Basic,Annual,,,11.45,200,18,0,isha,India,Odisha,Female,2002-01-16,,,,
1994-YJJOU,2024-03-30,Refferal,2024-04-29,Premium,Monthly,,,22.75,2587,54,0,yash,India,Bihar,Male,2002-11-18,,,,
1995-RGQUT,2019-10-20,Paid,2020-10-19,Standard,Annual,,,16.09,1160,53,0,rohan,India,Haryana,Male,1972-12-25,,,,
1996-OGBIK,2023-09-22,Paid,2023-10-22,Premium,Monthly,,,22.48,1754,49,0,pari,India,Haryana,Female,2001-11-07,2024-03-07 00:00:00,Y,54.0,2.0
1997-MIXSE,2021-04-22,Refferal,2021-05-22,Premium,Monthly,,,34.56,2709,49,0,aditya,India,West Bengal,Male,1995-04-26,,,,
1998-CZEJT,2021-06-09,Paid,2022-06-09,Standard,Annual,,,15.4,1018,62,0,khushi,India,Tamil Nadu,Female,1984-08-25,,,,
1999-AZTLC,2021-12-08,Organic,2022-12-08,Standard,Annual,,,17.02,804,9,0,om,India,Karnataka,Male,1969-11-24,2022-04-15 00:00:00,N,77.0,3.0
2000-LSRTU,2021-04-28,Paid,2021-05-28,Standard,Monthly,2021-09-30,Too expensive,14.42,575,71,1,vivaan,India,Telangana,Male,1965-09-24,2021-08-05 00:00:00,N,23.0,2.0
